1,0,0.5,0.10 ,0.51 
1,0,0.5,0.21 ,0.76 
1,0,0.5,0.40 ,0.95 
1,0,0.5,0.61 ,0.95 
1,0,0.5,0.76 ,0.85 
1,0,0.5,0.80 ,0.77 
1,0,0.5,0.91 ,0.51 
1,0,0.5,1.10 ,-1.41 
1,0,0.5,1.21 ,-1.41 
1,0,0.5,1.40 ,-1.37 
1,0,0.5,1.47 ,-1.40 
1,0,0.5,1.53 ,-1.39 
1,0,0.5,1.60 ,-1.41 
1,0,0.5,1.75 ,-1.42 
1,0,0.5,1.80 ,-1.42 
1,0,0.5,1.90 ,-1.44 
1,0,0.5,2.10 ,-1.43 
1,0,0.5,2.20 ,-1.44 
1,0,0.5,2.25 ,-1.45 
1,0,0.5,2.40 ,-1.46 
1,0,0.5,2.50 ,-1.40 
1,0,0.5,2.60 ,-1.46 
1,0,0.5,2.74 ,-1.44 
1,0,0.5,2.80 ,-1.43 
1,0,0.5,2.90 ,-1.42 
1,0,0.5,3.10 ,-1.44 
1,0,0.5,3.19 ,-1.42 
1,0,0.5,3.24 ,-1.42 
1,0,0.5,3.40 ,-1.41 
1,0,0.5,3.46 ,-1.39 
1,0,0.5,3.52 ,-1.39 
1,0,0.5,3.60 ,-1.36 
1,0,0.5,3.74 ,-1.37 
1,0,0.5,3.80 ,-1.40 
1,0,0.5,3.89 ,-1.40 
1,0,0.5,0.11 ,0.56 
1,0,0.5,0.21 ,0.80 
1,0,0.5,0.26 ,0.87 
1,0,0.5,0.41 ,0.99 
1,0,0.5,0.51 ,1.01 
1,0,0.5,0.61 ,0.99 
1,0,0.5,0.76 ,0.86 
1,0,0.5,0.81 ,0.82 
1,0,0.5,0.91 ,0.58 
1,0,0.5,1.11 ,-1.60 
1,0,0.5,1.21 ,-1.58 
1,0,0.5,1.25 ,-1.55 
1,0,0.5,1.41 ,-1.56 
1,0,0.5,1.50 ,-1.65 
1,0,0.5,1.60 ,-1.62 
1,0,0.5,1.75 ,-1.63 
1,0,0.5,1.81 ,-1.62 
1,0,0.5,1.90 ,-1.63 
1,0,0.5,2.10 ,-1.58 
1,0,0.5,2.20 ,-1.56 
1,0,0.5,2.25 ,-1.58 
1,0,0.5,2.40 ,-1.66 
1,0,0.5,2.50 ,-1.58 
1,0,0.5,2.60 ,-1.65 
1,0,0.5,2.74 ,-1.58 
1,0,0.5,2.79 ,-1.56 
1,0,0.5,2.89 ,-1.58 
1,0,0.5,3.09 ,-1.63 
1,0,0.5,3.19 ,-1.62 
1,0,0.5,3.25 ,-1.63 
1,0,0.5,3.40 ,-1.61 
1,0,0.5,3.49 ,-1.61 
1,0,0.5,3.60 ,-1.55 
1,0,0.5,3.75 ,-1.54 
1,0,0.5,3.79 ,-1.59 
1,0,0.5,3.90 ,-1.60 
1,0,0.5,0.11 ,0.56 
1,0,0.5,0.21 ,0.80 
1,0,0.5,0.26 ,0.87 
1,0,0.5,0.41 ,0.99 
1,0,0.5,0.51 ,1.01 
1,0,0.5,0.61 ,0.99 
1,0,0.5,0.76 ,0.86 
1,0,0.5,0.81 ,0.82 
1,0,0.5,0.91 ,0.58 
1,0,0.5,1.11 ,-1.52 
1,0,0.5,1.21 ,-1.52 
1,0,0.5,1.25 ,-1.44 
1,0,0.5,1.41 ,-1.47 
1,0,0.5,1.53 ,-1.48 
1,0,0.5,1.60 ,-1.56 
1,0,0.5,1.75 ,-1.52 
1,0,0.5,1.81 ,-1.51 
1,0,0.5,1.90 ,-1.50 
1,0,0.5,2.10 ,-1.34 
1,0,0.5,2.20 ,-1.30 
1,0,0.5,2.25 ,-1.30 
1,0,0.5,2.40 ,-1.36 
1,0,0.5,2.50 ,-1.30 
1,0,0.5,2.59 ,-1.35 
1,0,0.5,2.74 ,-1.30 
1,0,0.5,2.80 ,-1.31 
1,0,0.5,2.90 ,-1.33 
1,0,0.5,3.09 ,-1.50 
1,0,0.5,3.19 ,-1.50 
1,0,0.5,3.25 ,-1.53 
1,0,0.5,3.40 ,-1.56 
1,0,0.5,3.47 ,-1.47 
1,0,0.5,3.60 ,-1.47 
1,0,0.5,3.79 ,-1.51 
1,0,0.5,3.74 ,-1.38 
1,0,0.5,3.90 ,-1.51 
1,10,0.5,0.10 ,0.44 
1,10,0.5,0.20 ,0.70 
1,10,0.5,0.25 ,0.79 
1,10,0.5,0.40 ,0.92 
1,10,0.5,0.48 ,0.97 
1,10,0.5,0.59 ,0.97 
1,10,0.5,0.91 ,0.71 
1,10,0.5,1.10 ,-1.35 
1,10,0.5,1.20 ,-1.32 
1,10,0.5,1.25 ,-1.32 
1,10,0.5,1.50 ,-1.39 
1,10,0.5,1.40 ,-1.33 
1,10,0.5,1.61 ,-1.34 
1,10,0.5,1.77 ,-1.32 
1,10,0.5,1.81 ,-1.37 
1,10,0.5,1.91 ,-1.33 
1,10,0.5,2.12 ,-1.17 
1,10,0.5,2.21 ,-1.15 
1,10,0.5,2.41 ,-1.19 
1,10,0.5,2.52 ,-1.22 
1,10,0.5,2.60 ,-1.18 
1,10,0.5,2.81 ,-1.24 
1,10,0.5,2.90 ,-1.21 
1,10,0.5,3.11 ,-1.22 
1,10,0.5,3.27 ,-1.19 
1,10,0.5,3.41 ,-1.23 
1,10,0.5,3.50 ,-1.24 
1,10,0.5,3.91 ,-1.18 
1,13,0.5,0.11 ,0.38 
1,13,0.5,0.21 ,0.63 
1,13,0.5,0.25 ,0.69 
1,13,0.5,0.41 ,0.85 
1,13,0.5,0.75 ,0.88 
1,13,0.5,0.90 ,0.68 
1,13,0.5,1.11 ,-1.31 
1,13,0.5,1.20 ,-1.29 
1,13,0.5,1.25 ,-1.29 
1,13,0.5,1.40 ,-1.31 
1,13,0.5,1.47 ,-1.29 
1,13,0.5,1.53 ,-1.30 
1,13,0.5,1.60 ,-1.29 
1,13,0.5,1.76 ,-1.25 
1,13,0.5,1.80 ,-1.33 
1,13,0.5,1.90 ,-1.29 
1,13,0.5,2.10 ,-1.11 
1,13,0.5,2.21 ,-1.11 
1,13,0.5,2.40 ,-1.15 
1,13,0.5,2.60 ,-1.11 
1,13,0.5,2.75 ,-1.11 
1,13,0.5,2.81 ,-1.12 
1,13,0.5,2.90 ,-1.15 
1,13,0.5,3.10 ,-1.14 
1,13,0.5,3.20 ,-1.14 
1,13,0.5,3.25 ,-1.08 
1,13,0.5,3.40 ,-1.13 
1,13,0.5,3.47 ,-1.13 
1,13,0.5,3.60 ,-1.09 
1,13,0.5,3.75 ,-1.11 
1,13,0.5,3.90 ,-1.13 
1,17,0.5,0.10 ,0.34 
1,17,0.5,0.20 ,0.61 
1,17,0.5,0.25 ,0.71 
1,17,0.5,0.40 ,0.87 
1,17,0.5,0.48 ,0.93 
1,17,0.5,1.11 ,-1.46 
1,17,0.5,1.20 ,-1.42 
1,17,0.5,1.25 ,-1.49 
1,17,0.5,1.40 ,-1.47 
1,17,0.5,1.50 ,-1.48 
1,17,0.5,1.53 ,-1.48 
1,17,0.5,1.60 ,-1.37 
1,17,0.5,1.75 ,-1.13 
1,17,0.5,1.90 ,-0.97 
1,17,0.5,2.10 ,-1.05 
1,17,0.5,2.20 ,-1.09 
1,17,0.5,2.25 ,-1.01 
1,17,0.5,2.41 ,-1.07 
1,17,0.5,2.53 ,-1.07 
1,17,0.5,2.80 ,-1.10 
1,17,0.5,2.90 ,-1.10 
1,17,0.5,3.10 ,-1.18 
1,17,0.5,3.20 ,-1.20 
1,17,0.5,3.25 ,-1.09 
1,17,0.5,3.40 ,-1.11 
1,17,0.5,3.50 ,-1.09 
1,17,0.5,3.81 ,-1.10 
1,17,0.5,3.90 ,-1.07 
1,20,0.5,0.10 ,0.24 
1,20,0.5,0.20 ,0.51 
1,20,0.5,0.25 ,0.59 
1,20,0.5,0.40 ,0.78 
1,20,0.5,0.50 ,0.90 
1,20,0.5,0.90 ,0.78 
1,20,0.5,1.10 ,-1.08 
1,20,0.5,1.20 ,-1.05 
1,20,0.5,1.25 ,-1.13 
1,20,0.5,1.40 ,-1.13 
1,20,0.5,1.50 ,-1.06 
1,20,0.5,1.53 ,-1.02 
1,20,0.5,1.60 ,-0.67 
1,20,0.5,1.75 ,-0.58 
1,20,0.5,1.80 ,-0.70 
1,20,0.5,1.90 ,-0.76 
1,20,0.5,2.10 ,-1.15 
1,20,0.5,2.20 ,-1.14 
1,20,0.5,2.26 ,-1.16 
1,20,0.5,2.40 ,-1.20 
1,20,0.5,2.51 ,-1.18 
1,20,0.5,2.60 ,-1.21 
1,20,0.5,2.80 ,-1.24 
1,20,0.5,2.90 ,-1.28 
1,20,0.5,3.10 ,-1.27 
1,20,0.5,3.20 ,-1.22 
1,20,0.5,3.40 ,-1.22 
1,20,0.5,3.60 ,-1.20 
1,20,0.5,3.75 ,-1.16 
1,20,0.5,3.80 ,-1.21 
1,20,0.5,3.90 ,-1.17 
1,25,0.5,0.10 ,0.08 
1,25,0.5,0.20 ,0.40 
1,25,0.5,0.25 ,0.50 
1,25,0.5,0.40 ,0.71 
1,25,0.5,0.50 ,0.83 
1,25,0.5,0.60 ,0.92 
1,25,0.5,0.52 ,0.86 
1,25,0.5,0.74 ,0.99 
1,25,0.5,0.81 ,1.00 
1,25,0.5,0.91 ,0.94 
1,25,0.5,1.10 ,-0.61 
1,25,0.5,1.21 ,-0.46 
1,25,0.5,1.25 ,-0.50 
1,25,0.5,1.40 ,-0.35 
1,25,0.5,1.48 ,-0.28 
1,25,0.5,1.53 ,-0.32 
1,25,0.5,1.60 ,-0.35 
1,25,0.5,1.76 ,-0.49 
1,25,0.5,1.80 ,-0.56 
1,25,0.5,1.90 ,-0.76 
1,25,0.5,2.10 ,-1.20 
1,25,0.5,2.20 ,-1.25 
1,25,0.5,2.25 ,-1.23 
1,25,0.5,2.40 ,-1.29 
1,25,0.5,2.51 ,-1.31 
1,25,0.5,2.59 ,-1.32 
1,25,0.5,2.75 ,-1.33 
1,25,0.5,2.80 ,-1.36 
1,25,0.5,2.90 ,-1.40 
1,25,0.5,3.10 ,-1.42 
1,25,0.5,3.20 ,-1.38 
1,25,0.5,3.25 ,-1.31 
1,25,0.5,3.40 ,-1.32 
1,25,0.5,3.50 ,-1.32 
1,25,0.5,3.60 ,-1.31 
1,25,0.5,3.75 ,-1.26 
1,25,0.5,3.80 ,-1.31 
1,25,0.5,3.90 ,-1.27 
1,10,0.5,0.10 ,0.50 
1,10,0.5,0.20 ,0.74 
1,10,0.5,0.24 ,0.80 
1,10,0.5,0.40 ,0.95 
1,10,0.5,0.48 ,0.98 
1,10,0.5,0.60 ,1.00 
1,10,0.5,0.76 ,0.93 
1,10,0.5,0.91 ,0.67 
1,10,0.5,1.10 ,-1.48 
1,10,0.5,1.20 ,-1.50 
1,10,0.5,1.25 ,-1.46 
1,10,0.5,1.40 ,-1.50 
1,10,0.5,1.59 ,-1.51 
1,10,0.5,1.75 ,-1.52 
1,10,0.5,1.80 ,-1.51 
1,10,0.5,1.90 ,-1.38 
1,10,0.5,2.10 ,-1.21 
1,10,0.5,2.20 ,-1.19 
1,10,0.5,2.25 ,-1.12 
1,10,0.5,2.40 ,-1.17 
1,10,0.5,2.47 ,-1.19 
1,10,0.5,2.50 ,-1.12 
1,10,0.5,2.52 ,-1.15 
1,10,0.5,2.60 ,-1.19 
1,10,0.5,2.75 ,-1.15 
1,10,0.5,2.80 ,-1.15 
1,10,0.5,2.90 ,-1.18 
1,10,0.5,3.10 ,-1.21 
1,10,0.5,3.20 ,-1.24 
1,10,0.5,3.24 ,-1.18 
1,10,0.5,3.40 ,-1.20 
1,10,0.5,3.47 ,-1.21 
1,10,0.5,3.52 ,-1.16 
1,10,0.5,3.60 ,-1.18 
1,10,0.5,3.75 ,-1.16 
1,10,0.5,3.81 ,-1.15 
1,10,0.5,3.90 ,-1.16 
1,14,0.5,0.10 ,0.39 
1,14,0.5,0.20 ,0.67 
1,14,0.5,0.25 ,0.73 
1,14,0.5,0.40 ,0.90 
1,14,0.5,0.59 ,0.99 
1,14,0.5,0.91 ,0.74 
1,14,0.5,1.10 ,-1.84 
1,14,0.5,1.20 ,-1.82 
1,14,0.5,1.25 ,-1.81 
1,14,0.5,1.39 ,-1.84 
1,14,0.5,1.48 ,-1.83 
1,14,0.5,1.50 ,-1.88 
1,14,0.5,1.53 ,-1.82 
1,14,0.5,1.59 ,-1.72 
1,14,0.5,1.75 ,-1.12 
1,14,0.5,1.80 ,-0.91 
1,14,0.5,1.90 ,-0.85 
1,14,0.5,2.11 ,-1.23 
1,14,0.5,2.21 ,-1.27 
1,14,0.5,2.40 ,-1.33 
1,14,0.5,2.60 ,-1.32 
1,14,0.5,2.75 ,-1.29 
1,14,0.5,2.89 ,-1.36 
1,14,0.5,3.10 ,-1.45 
1,14,0.5,3.20 ,-1.40 
1,14,0.5,3.25 ,-1.35 
1,14,0.5,3.39 ,-1.37 
1,14,0.5,3.47 ,-1.35 
1,14,0.5,3.53 ,-1.35 
1,14,0.5,3.60 ,-1.35 
1,14,0.5,3.75 ,-1.31 
1,14,0.5,3.90 ,-1.32 
1,17,0.5,0.11 ,0.30 
1,17,0.5,0.20 ,0.61 
1,17,0.5,0.25 ,0.65 
1,17,0.5,0.40 ,0.84 
1,17,0.5,0.48 ,0.92 
1,17,0.5,0.77 ,0.90 
1,17,0.5,0.91 ,0.74 
1,17,0.5,1.09 ,-1.51 
1,17,0.5,1.25 ,-1.57 
1,17,0.5,1.40 ,-1.60 
1,17,0.5,1.50 ,-1.62 
1,17,0.5,1.53 ,-1.56 
1,17,0.5,1.59 ,-1.25 
1,17,0.5,1.75 ,-0.72 
1,17,0.5,1.80 ,-0.70 
1,17,0.5,1.90 ,-0.74 
1,17,0.5,2.09 ,-1.23 
1,17,0.5,2.19 ,-1.27 
1,17,0.5,2.25 ,-1.26 
1,17,0.5,2.40 ,-1.31 
1,17,0.5,2.50 ,-1.31 
1,17,0.5,2.79 ,-1.32 
1,17,0.5,2.89 ,-1.34 
1,17,0.5,3.10 ,-1.45 
1,17,0.5,3.20 ,-1.43 
1,17,0.5,3.25 ,-1.37 
1,17,0.5,3.39 ,-1.36 
1,17,0.5,3.52 ,-1.35 
1,17,0.5,3.60 ,-1.33 
1,17,0.5,3.74 ,-1.32 
1,17,0.5,3.89 ,-1.32 
1,20,0.5,0.10 ,0.22 
1,20,0.5,0.19 ,0.52 
1,20,0.5,0.25 ,0.59 
1,20,0.5,0.40 ,0.81 
1,20,0.5,0.48 ,0.91 
1,20,0.5,0.61 ,0.95 
1,20,0.5,0.79 ,0.94 
1,20,0.5,0.90 ,0.81 
1,20,0.5,1.09 ,-1.20 
1,20,0.5,1.20 ,-1.19 
1,20,0.5,1.24 ,-1.24 
1,20,0.5,1.39 ,-1.28 
1,20,0.5,1.47 ,-1.16 
1,20,0.5,1.52 ,-1.18 
1,20,0.5,1.50 ,-1.24 
1,20,0.5,1.60 ,-0.84 
1,20,0.5,1.75 ,-0.51 
1,20,0.5,1.80 ,-0.54 
1,20,0.5,1.90 ,-0.70 
1,20,0.5,2.10 ,-1.25 
1,20,0.5,2.20 ,-1.26 
1,20,0.5,2.26 ,-1.29 
1,20,0.5,2.40 ,-1.31 
1,20,0.5,2.60 ,-1.38 
1,20,0.5,2.74 ,-1.37 
1,20,0.5,2.79 ,-1.34 
1,20,0.5,2.90 ,-1.38 
1,20,0.5,3.10 ,-1.51 
1,20,0.5,3.20 ,-1.45 
1,20,0.5,3.25 ,-1.40 
1,20,0.5,3.39 ,-1.39 
1,20,0.5,3.48 ,-1.37 
1,20,0.5,3.60 ,-1.36 
1,20,0.5,3.75 ,-1.35 
1,20,0.5,3.81 ,-1.33 
1,20,0.5,3.89 ,-1.31 
1,25,0.5,0.10 ,0.05 
1,25,0.5,0.20 ,0.38 
1,25,0.5,0.25 ,0.48 
1,25,0.5,0.40 ,0.72 
1,25,0.5,0.50 ,0.83 
1,25,0.5,0.53 ,0.86 
1,25,0.5,0.60 ,0.93 
1,25,0.5,0.75 ,0.99 
1,25,0.5,0.80 ,1.00 
1,25,0.5,0.90 ,0.95 
1,25,0.5,1.09 ,-0.71 
1,25,0.5,1.19 ,-0.66 
1,25,0.5,1.25 ,-0.74 
1,25,0.5,1.40 ,-0.65 
1,25,0.5,1.49 ,-0.48 
1,25,0.5,1.53 ,-0.44 
1,25,0.5,1.60 ,-0.32 
1,25,0.5,1.74 ,-0.46 
1,25,0.5,1.80 ,-0.55 
1,25,0.5,1.92 ,-0.74 
1,25,0.5,2.10 ,-1.35 
1,25,0.5,2.20 ,-1.41 
1,25,0.5,2.25 ,-1.35 
1,25,0.5,2.40 ,-1.43 
1,25,0.5,2.47 ,-1.48 
1,25,0.5,2.52 ,-1.44 
1,25,0.5,2.60 ,-1.50 
1,25,0.5,2.74 ,-1.47 
1,25,0.5,2.80 ,-1.50 
1,25,0.5,2.90 ,-1.54 
1,25,0.5,3.10 ,-1.63 
1,25,0.5,3.20 ,-1.59 
1,25,0.5,3.25 ,-1.52 
1,25,0.5,3.39 ,-1.51 
1,25,0.5,3.49 ,-1.51 
1,25,0.5,3.60 ,-1.48 
1,25,0.5,3.76 ,-1.43 
1,25,0.5,3.81 ,-1.43 
1,25,0.5,3.90 ,-1.40 
1,12.5,6.5,0.09 ,0.36 
1,12.5,6.5,0.25 ,0.79 
1,12.5,6.5,0.41 ,0.94 
1,12.5,6.5,0.59 ,0.97 
1,12.5,6.5,0.75 ,0.89 
1,12.5,6.5,0.91 ,0.53 
1,12.5,6.5,1.08 ,-1.79 
1,12.5,6.5,1.24 ,-1.84 
1,12.5,6.5,1.41 ,-1.89 
1,12.5,6.5,1.58 ,-1.59 
1,12.5,6.5,1.75 ,-1.13 
1,12.5,6.5,1.91 ,-0.89 
1,12.5,6.5,2.09 ,-1.00 
1,12.5,6.5,2.24 ,-1.05 
1,12.5,6.5,2.41 ,-1.06 
1,12.5,6.5,2.57 ,-1.06 
1,12.5,6.5,2.74 ,-1.08 
1,12.5,6.5,2.91 ,-1.12 
1,12.5,6.5,3.08 ,-1.28 
1,12.5,6.5,3.24 ,-1.20 
1,12.5,6.5,3.40 ,-1.15 
1,12.5,6.5,3.57 ,-1.12 
1,12.5,6.5,3.74 ,-1.10 
1,12.5,6.5,3.91 ,-1.10 
1,12.5,4.4,0.09 ,0.36 
1,12.5,4.4,0.25 ,0.79 
1,12.5,4.4,0.41 ,0.94 
1,12.5,4.4,0.59 ,0.97 
1,12.5,4.4,0.75 ,0.89 
1,12.5,4.4,0.91 ,0.53 
1,12.5,4.4,1.07 ,-1.78 
1,12.5,4.4,1.25 ,-1.81 
1,12.5,4.4,1.41 ,-1.84 
1,12.5,4.4,1.59 ,-1.72 
1,12.5,4.4,1.76 ,-1.39 
1,12.5,4.4,1.91 ,-0.99 
1,12.5,4.4,2.08 ,-0.98 
1,12.5,4.4,2.24 ,-0.99 
1,12.5,4.4,2.41 ,-1.01 
1,12.5,4.4,2.57 ,-1.02 
1,12.5,4.4,2.74 ,-1.03 
1,12.5,4.4,2.91 ,-1.09 
1,12.5,4.4,3.09 ,-1.25 
1,12.5,4.4,3.24 ,-1.17 
1,12.5,4.4,3.41 ,-1.12 
1,12.5,4.4,3.57 ,-1.09 
1,12.5,4.4,3.73 ,-1.09 
1,12.5,4.4,3.91 ,-1.07 
1,12.5,8.0 ,0.08 ,0.39 
1,12.5,8.0 ,0.25 ,0.80 
1,12.5,8.0 ,0.41 ,0.95 
1,12.5,8.0 ,0.58 ,0.99 
1,12.5,8.0 ,0.75 ,0.96 
1,12.5,8.0 ,0.91 ,0.55 
1,12.5,8.0 ,1.08 ,-1.45 
1,12.5,8.0 ,1.24 ,-1.46 
1,12.5,8.0 ,1.41 ,-1.49 
1,12.5,8.0 ,1.59 ,-1.51 
1,12.5,8.0 ,1.75 ,-1.39 
1,12.5,8.0 ,1.90 ,-1.14 
1,12.5,8.0 ,2.08 ,-0.92 
1,12.5,8.0 ,2.25 ,-0.92 
1,12.5,8.0 ,2.40 ,-0.92 
1,12.5,8.0 ,2.57 ,-0.92 
1,12.5,8.0 ,2.74 ,-0.94 
1,12.5,8.0 ,2.91 ,-0.94 
1,12.5,8.0 ,3.08 ,-0.99 
1,12.5,8.0 ,3.24 ,-0.96 
1,12.5,8.0 ,3.41 ,-0.94 
1,12.5,8.0 ,3.57 ,-0.93 
1,12.5,8.0 ,3.74 ,-0.91 
1,12.5,8.0 ,3.90 ,-0.90 
1,12.5,12.5,0.08 ,0.39 
1,12.5,12.5,0.25 ,0.80 
1,12.5,12.5,0.41 ,0.95 
1,12.5,12.5,0.58 ,0.97 
1,12.5,12.5,0.74 ,0.90 
1,12.5,12.5,0.91 ,0.55 
1,12.5,12.5,1.08 ,-1.65 
1,12.5,12.5,1.25 ,-1.69 
1,12.5,12.5,1.41 ,-1.39 
1,12.5,12.5,1.59 ,-0.95 
1,12.5,12.5,1.75 ,-0.71 
1,12.5,12.5,1.91 ,-0.63 
1,12.5,12.5,2.08 ,-0.79 
1,12.5,12.5,2.24 ,-0.83 
1,12.5,12.5,2.40 ,-0.85 
1,12.5,12.5,2.57 ,-0.86 
1,12.5,12.5,2.74 ,-0.87 
1,12.5,12.5,2.91 ,-0.91 
1,12.5,12.5,3.07 ,-1.13 
1,12.5,12.5,3.24 ,-1.03 
1,12.5,12.5,3.41 ,-1.02 
1,12.5,12.5,3.57 ,-1.00 
1,12.5,12.5,3.74 ,-0.99 
1,12.5,12.5,3.91 ,-0.96 
1,0,6.5,0.08 ,0.47 
1,0,6.5,0.25 ,0.88 
1,0,6.5,0.42 ,0.99 
1,0,6.5,0.58 ,0.99 
1,0,6.5,0.75 ,0.85 
1,0,6.5,0.92 ,0.46 
1,0,6.5,1.08 ,-1.49 
1,0,6.5,1.25 ,-1.51 
1,0,6.5,1.42 ,-1.58 
1,0,6.5,1.58 ,-1.60 
1,0,6.5,1.75 ,-1.51 
1,0,6.5,1.91 ,-1.45 
1,0,6.5,2.07 ,-1.25 
1,0,6.5,2.25 ,-1.26 
1,0,6.5,2.42 ,-1.27 
1,0,6.5,2.58 ,-1.26 
1,0,6.5,2.75 ,-1.23 
1,0,6.5,2.91 ,-1.20 
1,0,6.5,3.08 ,-1.46 
1,0,6.5,3.24 ,-1.50 
1,0,6.5,3.42 ,-1.53 
1,0,6.5,3.58 ,-1.49 
1,0,6.5,3.75 ,-1.46 
1,0,6.5,3.92 ,-1.45 
1,0,4.4,0.08 ,0.46 
1,0,4.4,0.25 ,0.88 
1,0,4.4,0.42 ,0.99 
1,0,4.4,0.58 ,0.99 
1,0,4.4,0.75 ,0.85 
1,0,4.4,0.92 ,0.46 
1,0,4.4,1.08 ,-1.49 
1,0,4.4,1.25 ,-1.51 
1,0,4.4,1.42 ,-1.56 
1,0,4.4,1.58 ,-1.57 
1,0,4.4,1.75 ,-1.57 
1,0,4.4,1.91 ,-1.54 
1,0,4.4,2.08 ,-1.30 
1,0,4.4,2.25 ,-1.33 
1,0,4.4,2.42 ,-1.35 
1,0,4.4,2.58 ,-1.33 
1,0,4.4,2.75 ,-1.32 
1,0,4.4,2.91 ,-1.30 
1,0,4.4,3.08 ,-1.54 
1,0,4.4,3.24 ,-1.56 
1,0,4.4,3.42 ,-1.55 
1,0,4.4,3.58 ,-1.49 
1,0,4.4,3.75 ,-1.46 
1,0,4.4,3.92 ,-1.45 
1,0,8.0 ,0.08 ,0.46 
1,0,8.0 ,0.25 ,0.88 
1,0,8.0 ,0.42 ,0.99 
1,0,8.0 ,0.58 ,0.99 
1,0,8.0 ,0.75 ,0.85 
1,0,8.0 ,0.92 ,0.46 
1,0,8.0 ,1.08 ,-1.45 
1,0,8.0 ,1.25 ,-1.47 
1,0,8.0 ,1.42 ,-1.49 
1,0,8.0 ,1.58 ,-1.55 
1,0,8.0 ,1.75 ,-1.47 
1,0,8.0 ,1.92 ,-1.36 
1,0,8.0 ,2.08 ,-1.10 
1,0,8.0 ,2.25 ,-1.11 
1,0,8.0 ,2.42 ,-1.11 
1,0,8.0 ,2.58 ,-1.11 
1,0,8.0 ,2.75 ,-1.11 
1,0,8.0 ,2.91 ,-1.11 
1,0,8.0 ,3.08 ,-1.39 
1,0,8.0 ,3.24 ,-1.50 
1,0,8.0 ,3.42 ,-1.57 
1,0,8.0 ,3.58 ,-1.52 
1,0,8.0 ,3.75 ,-1.48 
1,0,8.0 ,3.92 ,-1.39 
1,0,12.5,0.08 ,0.52 
1,0,12.5,0.25 ,0.90 
1,0,12.5,0.42 ,0.99 
1,0,12.5,0.58 ,0.99 
1,0,12.5,0.75 ,0.88 
1,0,12.5,0.92 ,0.49 
1,0,12.5,1.08 ,-1.28 
1,0,12.5,1.25 ,-1.33 
1,0,12.5,1.42 ,-1.36 
1,0,12.5,1.58 ,-1.28 
1,0,12.5,1.75 ,-1.12 
1,0,12.5,1.92 ,-0.96 
1,0,12.5,2.08 ,-0.82 
1,0,12.5,2.25 ,-0.77 
1,0,12.5,2.42 ,-0.75 
1,0,12.5,2.58 ,-0.74 
1,0,12.5,2.75 ,-0.76 
1,0,12.5,2.91 ,-0.80 
1,0,12.5,3.08 ,-0.96 
1,0,12.5,3.24 ,-1.11 
1,0,12.5,3.42 ,-1.25 
1,0,12.5,3.58 ,-1.31 
1,0,12.5,3.75 ,-1.27 
1,0,12.5,3.92 ,-1.20 
5,0,0.7,0.22 ,0.83 
5,0,0.7,0.45 ,0.95 
5,0,0.7,0.55 ,0.95 
5,0,0.7,0.78 ,0.83 
5,0,0.7,1.17 ,-0.83 
5,0,0.7,1.33 ,-0.83 
5,0,0.7,1.50 ,-0.84 
5,0,0.7,2.00 ,-0.86 
5,0,0.7,2.17 ,-0.87 
5,0,0.7,2.33 ,-0.87 
5,0,0.7,2.50 ,-0.86 
5,0,0.7,2.67 ,-0.86 
5,0,0.7,2.83 ,-0.85 
5,0,0.7,3.00 ,-0.85 
5,0,0.7,3.17 ,-0.82 
5,0,0.7,3.33 ,-0.79 
5,0,0.7,3.50 ,-0.76 
5,0,0.7,3.67 ,-0.72 
5,0,0.7,3.83 ,-0.68 
5,0,0.7,4.00 ,-0.63 
5,0,0.7,4.17 ,-0.57 
5,0,0.7,4.33 ,-0.51 
5,0,0.7,4.50 ,-0.46 
5,0,0.7,4.67 ,-0.42 
5,0,0.7,4.83 ,-0.37 
5,0,0.7,5.00 ,-0.33 
5,0,0.7,5.17 ,-0.29 
5,0,0.7,5.33 ,-0.26 
5,0,0.7,5.50 ,-0.24 
5,0,0.7,5.67 ,-0.22 
5,0,0.7,5.83 ,-0.20 
5,0,0.7,6.22 ,-0.24 
5,0,0.7,6.50 ,-0.23 
5,0,0.7,6.78 ,-0.24 
5,0,0.7,7.17 ,-0.20 
5,0,0.7,7.33 ,-0.22 
5,0,0.7,7.50 ,-0.24 
5,0,0.7,8.00 ,-0.26 
5,0,0.7,8.17 ,-0.29 
5,0,0.7,8.33 ,-0.33 
5,0,0.7,8.50 ,-0.37 
5,0,0.7,8.67 ,-0.42 
5,0,0.7,8.83 ,-0.46 
5,0,0.7,9.00 ,-0.51 
5,0,0.7,9.17 ,-0.57 
5,0,0.7,9.33 ,-0.63 
5,0,0.7,9.50 ,-0.68 
5,0,0.7,9.67 ,-0.72 
5,0,0.7,9.83 ,-0.76 
5,0,0.7,10.00 ,-0.79 
5,0,0.7,10.17 ,-0.82 
5,0,0.7,10.33 ,-0.85 
5,0,0.7,10.50 ,-0.85 
5,0,0.7,10.67 ,-0.86 
5,0,0.7,10.83 ,-0.86 
5,0,0.7,11.00 ,-0.87 
5,0,0.7,11.17 ,-0.87 
5,0,0.7,11.33 ,-0.86 
5,0,0.7,11.50 ,-0.84 
5,0,0.7,11.67 ,-0.83 
5,0,0.7,11.83 ,-0.83 
5,0,0.7,0.22 ,0.85 
5,0,0.7,0.45 ,0.96 
5,0,0.7,0.55 ,0.96 
5,0,0.7,0.78 ,0.85 
5,0,0.7,1.17 ,-0.83 
5,0,0.7,1.33 ,-0.83 
5,0,0.7,1.50 ,-0.84 
5,0,0.7,2.00 ,-0.85 
5,0,0.7,2.17 ,-0.86 
5,0,0.7,2.33 ,-0.87 
5,0,0.7,2.50 ,-0.88 
5,0,0.7,2.67 ,-0.88 
5,0,0.7,2.83 ,-0.87 
5,0,0.7,3.00 ,-0.87 
5,0,0.7,3.17 ,-0.86 
5,0,0.7,3.33 ,-0.83 
5,0,0.7,3.50 ,-0.81 
5,0,0.7,3.67 ,-0.77 
5,0,0.7,3.83 ,-0.73 
5,0,0.7,4.00 ,-0.68 
5,0,0.7,4.17 ,-0.63 
5,0,0.7,4.33 ,-0.57 
5,0,0.7,4.50 ,-0.51 
5,0,0.7,4.67 ,-0.45 
5,0,0.7,4.83 ,-0.40 
5,0,0.7,5.00 ,-0.35 
5,0,0.7,5.17 ,-0.31 
5,0,0.7,5.33 ,-0.27 
5,0,0.7,5.50 ,-0.24 
5,0,0.7,5.67 ,-0.21 
5,0,0.7,5.83 ,-0.21 
5,0,0.7,6.22 ,-0.24 
5,0,0.7,6.50 ,-0.24 
5,0,0.7,6.78 ,-0.24 
5,0,0.7,7.17 ,-0.21 
5,0,0.7,7.33 ,-0.21 
5,0,0.7,7.50 ,-0.24 
5,0,0.7,8.00 ,-0.27 
5,0,0.7,8.17 ,-0.31 
5,0,0.7,8.33 ,-0.35 
5,0,0.7,8.50 ,-0.40 
5,0,0.7,8.67 ,-0.45 
5,0,0.7,8.83 ,-0.51 
5,0,0.7,9.00 ,-0.57 
5,0,0.7,9.17 ,-0.63 
5,0,0.7,9.33 ,-0.68 
5,0,0.7,9.50 ,-0.73 
5,0,0.7,9.67 ,-0.77 
5,0,0.7,9.83 ,-0.81 
5,0,0.7,10.00 ,-0.83 
5,0,0.7,10.17 ,-0.86 
5,0,0.7,10.33 ,-0.87 
5,0,0.7,10.50 ,-0.87 
5,0,0.7,10.67 ,-0.88 
5,0,0.7,10.83 ,-0.88 
5,0,0.7,11.00 ,-0.87 
5,0,0.7,11.17 ,-0.86 
5,0,0.7,11.33 ,-0.85 
5,0,0.7,11.50 ,-0.84 
5,0,0.7,11.67 ,-0.83 
5,0,0.7,11.83 ,-0.83 
5,0,0.7,0.22 ,0.84 
5,0,0.7,0.45 ,0.97 
5,0,0.7,0.55 ,0.97 
5,0,0.7,0.78 ,0.84 
5,0,0.7,1.17 ,-0.83 
5,0,0.7,1.33 ,-0.85 
5,0,0.7,1.50 ,-0.85 
5,0,0.7,2.00 ,-0.87 
5,0,0.7,2.17 ,-0.88 
5,0,0.7,2.33 ,-0.89 
5,0,0.7,2.50 ,-0.89 
5,0,0.7,2.67 ,-0.89 
5,0,0.7,2.83 ,-0.89 
5,0,0.7,3.00 ,-0.88 
5,0,0.7,3.17 ,-0.86 
5,0,0.7,3.33 ,-0.83 
5,0,0.7,3.50 ,-0.80 
5,0,0.7,3.67 ,-0.75 
5,0,0.7,3.83 ,-0.70 
5,0,0.7,4.00 ,-0.64 
5,0,0.7,4.17 ,-0.58 
5,0,0.7,4.33 ,-0.52 
5,0,0.7,4.50 ,-0.46 
5,0,0.7,4.67 ,-0.40 
5,0,0.7,4.83 ,-0.35 
5,0,0.7,5.00 ,-0.31 
5,0,0.7,5.17 ,-0.27 
5,0,0.7,5.33 ,-0.24 
5,0,0.7,5.50 ,-0.21 
5,0,0.7,5.67 ,-0.20 
5,0,0.7,5.83 ,-0.19 
5,0,0.7,6.22 ,-0.24 
5,0,0.7,6.50 ,-0.23 
5,0,0.7,6.78 ,-0.24 
5,0,0.7,7.17 ,-0.19 
5,0,0.7,7.33 ,-0.20 
5,0,0.7,7.50 ,-0.21 
5,0,0.7,8.00 ,-0.24 
5,0,0.7,8.17 ,-0.27 
5,0,0.7,8.33 ,-0.31 
5,0,0.7,8.50 ,-0.35 
5,0,0.7,8.67 ,-0.40 
5,0,0.7,8.83 ,-0.46 
5,0,0.7,9.00 ,-0.52 
5,0,0.7,9.17 ,-0.58 
5,0,0.7,9.33 ,-0.64 
5,0,0.7,9.50 ,-0.70 
5,0,0.7,9.67 ,-0.75 
5,0,0.7,9.83 ,-0.80 
5,0,0.7,10.00 ,-0.83 
5,0,0.7,10.17 ,-0.86 
5,0,0.7,10.33 ,-0.88 
5,0,0.7,10.50 ,-0.89 
5,0,0.7,10.67 ,-0.89 
5,0,0.7,10.83 ,-0.89 
5,0,0.7,11.00 ,-0.89 
5,0,0.7,11.17 ,-0.88 
5,0,0.7,11.33 ,-0.87 
5,0,0.7,11.50 ,-0.85 
5,0,0.7,11.67 ,-0.85 
5,0,0.7,11.83 ,-0.83 
5,0,0.7,0.22 ,0.85 
5,0,0.7,0.45 ,0.97 
5,0,0.7,0.55 ,0.97 
5,0,0.7,0.78 ,0.85 
5,0,0.7,1.17 ,-0.82 
5,0,0.7,1.33 ,-0.83 
5,0,0.7,1.50 ,-0.84 
5,0,0.7,2.00 ,-0.86 
5,0,0.7,2.17 ,-0.86 
5,0,0.7,2.33 ,-0.86 
5,0,0.7,2.50 ,-0.88 
5,0,0.7,2.67 ,-0.88 
5,0,0.7,2.83 ,-0.88 
5,0,0.7,3.00 ,-0.86 
5,0,0.7,3.17 ,-0.86 
5,0,0.7,3.33 ,-0.83 
5,0,0.7,3.50 ,-0.80 
5,0,0.7,3.67 ,-0.76 
5,0,0.7,3.83 ,-0.72 
5,0,0.7,4.00 ,-0.67 
5,0,0.7,4.17 ,-0.62 
5,0,0.7,4.33 ,-0.56 
5,0,0.7,4.50 ,-0.50 
5,0,0.7,4.67 ,-0.44 
5,0,0.7,4.83 ,-0.39 
5,0,0.7,5.00 ,-0.34 
5,0,0.7,5.17 ,-0.30 
5,0,0.7,5.33 ,-0.26 
5,0,0.7,5.50 ,-0.23 
5,0,0.7,5.67 ,-0.20 
5,0,0.7,5.83 ,-0.20 
5,0,0.7,6.22 ,-0.24 
5,0,0.7,6.50 ,-0.23 
5,0,0.7,6.78 ,-0.24 
5,0,0.7,7.17 ,-0.20 
5,0,0.7,7.33 ,-0.20 
5,0,0.7,7.50 ,-0.22 
5,0,0.7,8.00 ,-0.25 
5,0,0.7,8.17 ,-0.28 
5,0,0.7,8.33 ,-0.32 
5,0,0.7,8.50 ,-0.37 
5,0,0.7,8.67 ,-0.42 
5,0,0.7,8.83 ,-0.48 
5,0,0.7,9.00 ,-0.54 
5,0,0.7,9.17 ,-0.60 
5,0,0.7,9.33 ,-0.64 
5,0,0.7,9.50 ,-0.71 
5,0,0.7,9.67 ,-0.76 
5,0,0.7,9.83 ,-0.80 
5,0,0.7,10.00 ,-0.83 
5,0,0.7,10.17 ,-0.85 
5,0,0.7,10.33 ,-0.87 
5,0,0.7,10.50 ,-0.88 
5,0,0.7,10.67 ,-0.88 
5,0,0.7,10.83 ,-0.88 
5,0,0.7,11.00 ,-0.88 
5,0,0.7,11.17 ,-0.87 
5,0,0.7,11.33 ,-0.87 
5,0,0.7,11.50 ,-0.84 
5,0,0.7,11.67 ,-0.84 
5,0,0.7,11.83 ,-0.84 
5,0,2.9,0.22 ,0.86 
5,0,2.9,0.45 ,1.02 
5,0,2.9,0.55 ,1.00 
5,0,2.9,0.78 ,0.85 
5,0,2.9,1.17 ,-0.88 
5,0,2.9,1.33 ,-0.88 
5,0,2.9,1.50 ,-0.90 
5,0,2.9,2.00 ,-0.93 
5,0,2.9,2.17 ,-0.94 
5,0,2.9,2.33 ,-0.94 
5,0,2.9,2.50 ,-0.94 
5,0,2.9,2.67 ,-0.93 
5,0,2.9,2.83 ,-0.89 
5,0,2.9,3.00 ,-0.85 
5,0,2.9,3.17 ,-0.80 
5,0,2.9,3.33 ,-0.72 
5,0,2.9,3.50 ,-0.65 
5,0,2.9,3.67 ,-0.57 
5,0,2.9,3.83 ,-0.50 
5,0,2.9,4.00 ,-0.43 
5,0,2.9,4.17 ,-0.37 
5,0,2.9,4.33 ,-0.31 
5,0,2.9,4.50 ,-0.27 
5,0,2.9,4.67 ,-0.23 
5,0,2.9,4.83 ,-0.21 
5,0,2.9,5.00 ,-0.18 
5,0,2.9,5.17 ,-0.17 
5,0,2.9,5.33 ,-0.17 
5,0,2.9,5.50 ,-0.17 
5,0,2.9,5.67 ,-0.18 
5,0,2.9,5.83 ,-0.20 
5,0,2.9,6.22 ,-0.27 
5,0,2.9,6.50 ,-0.26 
5,0,2.9,6.78 ,-0.27 
5,0,2.9,7.17 ,-0.20 
5,0,2.9,7.33 ,-0.18 
5,0,2.9,7.50 ,-0.17 
5,0,2.9,8.00 ,-0.17 
5,0,2.9,8.17 ,-0.16 
5,0,2.9,8.33 ,-0.18 
5,0,2.9,8.50 ,-0.20 
5,0,2.9,8.67 ,-0.23 
5,0,2.9,8.83 ,-0.26 
5,0,2.9,9.00 ,-0.31 
5,0,2.9,9.17 ,-0.36 
5,0,2.9,9.33 ,-0.42 
5,0,2.9,9.50 ,-0.50 
5,0,2.9,9.67 ,-0.56 
5,0,2.9,9.83 ,-0.65 
5,0,2.9,10.00 ,-0.72 
5,0,2.9,10.17 ,-0.79 
5,0,2.9,10.33 ,-0.85 
5,0,2.9,10.50 ,-0.89 
5,0,2.9,10.67 ,-0.93 
5,0,2.9,10.83 ,-0.94 
5,0,2.9,11.00 ,-0.95 
5,0,2.9,11.17 ,-0.94 
5,0,2.9,11.33 ,-0.93 
5,0,2.9,11.50 ,-0.89 
5,0,2.9,11.67 ,-0.88 
5,0,2.9,11.83 ,-0.87 
5,0,5.7,0.22 ,0.88 
5,0,5.7,0.45 ,1.00 
5,0,5.7,0.55 ,1.01 
5,0,5.7,0.78 ,0.88 
5,0,5.7,1.17 ,-1.00 
5,0,5.7,1.33 ,-1.02 
5,0,5.7,1.50 ,-1.04 
5,0,5.7,2.00 ,-1.08 
5,0,5.7,2.17 ,-1.04 
5,0,5.7,2.33 ,-0.98 
5,0,5.7,2.50 ,-0.89 
5,0,5.7,2.67 ,-0.80 
5,0,5.7,2.83 ,-0.70 
5,0,5.7,3.00 ,-0.60 
5,0,5.7,3.17 ,-0.51 
5,0,5.7,3.33 ,-0.44 
5,0,5.7,3.50 ,-0.37 
5,0,5.7,3.67 ,-0.31 
5,0,5.7,3.83 ,-0.27 
5,0,5.7,4.00 ,-0.24 
5,0,5.7,4.17 ,-0.21 
5,0,5.7,4.33 ,-0.19 
5,0,5.7,4.50 ,-0.16 
5,0,5.7,4.67 ,-0.16 
5,0,5.7,4.83 ,-0.16 
5,0,5.7,5.00 ,-0.16 
5,0,5.7,5.17 ,-0.16 
5,0,5.7,5.33 ,-0.16 
5,0,5.7,5.50 ,-0.17 
5,0,5.7,5.67 ,-0.18 
5,0,5.7,5.83 ,-0.19 
5,0,5.7,6.22 ,-0.28 
5,0,5.7,6.50 ,-0.27 
5,0,5.7,6.78 ,-0.27 
5,0,5.7,7.17 ,-0.20 
5,0,5.7,7.33 ,-0.17 
5,0,5.7,7.50 ,-0.16 
5,0,5.7,8.00 ,-0.15 
5,0,5.7,8.17 ,-0.16 
5,0,5.7,8.33 ,-0.16 
5,0,5.7,8.50 ,-0.16 
5,0,5.7,8.67 ,-0.17 
5,0,5.7,8.83 ,-0.19 
5,0,5.7,9.00 ,-0.21 
5,0,5.7,9.17 ,-0.17 
5,0,5.7,9.33 ,-0.23 
5,0,5.7,9.50 ,-0.27 
5,0,5.7,9.67 ,-0.32 
5,0,5.7,9.83 ,-0.39 
5,0,5.7,10.00 ,-0.45 
5,0,5.7,10.17 ,-0.52 
5,0,5.7,10.33 ,-0.63 
5,0,5.7,10.50 ,-0.72 
5,0,5.7,10.67 ,-0.82 
5,0,5.7,10.83 ,-0.91 
5,0,5.7,11.00 ,-0.99 
5,0,5.7,11.17 ,-1.03 
5,0,5.7,11.33 ,-1.05 
5,0,5.7,11.50 ,-1.04 
5,0,5.7,11.67 ,-1.02 
5,0,5.7,11.83 ,-1.00 
5,0,8.6,0.22 ,0.84 
5,0,8.6,0.45 ,0.96 
5,0,8.6,0.55 ,1.00 
5,0,8.6,0.78 ,0.85 
5,0,8.6,1.17 ,-1.11 
5,0,8.6,1.33 ,-1.15 
5,0,8.6,1.50 ,-1.19 
5,0,8.6,2.00 ,-1.04 
5,0,8.6,2.17 ,-0.94 
5,0,8.6,2.33 ,-0.80 
5,0,8.6,2.50 ,-0.69 
5,0,8.6,2.67 ,-0.58 
5,0,8.6,2.83 ,-0.50 
5,0,8.6,3.00 ,-0.42 
5,0,8.6,3.17 ,-0.35 
5,0,8.6,3.33 ,-0.30 
5,0,8.6,3.50 ,-0.26 
5,0,8.6,3.67 ,-0.23 
5,0,8.6,3.83 ,-0.20 
5,0,8.6,4.00 ,-0.18 
5,0,8.6,4.17 ,-0.17 
5,0,8.6,4.33 ,-0.17 
5,0,8.6,4.50 ,-0.16 
5,0,8.6,4.67 ,-0.16 
5,0,8.6,4.83 ,-0.17 
5,0,8.6,5.00 ,-0.16 
5,0,8.6,5.17 ,-0.17 
5,0,8.6,5.33 ,-0.17 
5,0,8.6,5.50 ,-0.17 
5,0,8.6,5.67 ,-0.18 
5,0,8.6,5.83 ,-0.20 
5,0,8.6,6.22 ,-0.27 
5,0,8.6,6.50 ,-0.26 
5,0,8.6,6.78 ,-0.28 
5,0,8.6,7.17 ,-0.20 
5,0,8.6,7.33 ,-0.18 
5,0,8.6,7.50 ,-0.17 
5,0,8.6,8.00 ,-0.17 
5,0,8.6,8.17 ,-0.16 
5,0,8.6,8.33 ,-0.16 
5,0,8.6,8.50 ,-0.16 
5,0,8.6,8.67 ,-0.16 
5,0,8.6,8.83 ,-0.16 
5,0,8.6,9.00 ,-0.16 
5,0,8.6,9.17 ,-0.17 
5,0,8.6,9.33 ,-0.19 
5,0,8.6,9.50 ,-0.20 
5,0,8.6,9.67 ,-0.23 
5,0,8.6,9.83 ,-0.27 
5,0,8.6,10.00 ,-0.31 
5,0,8.6,10.17 ,-0.36 
5,0,8.6,10.33 ,-0.43 
5,0,8.6,10.50 ,-0.51 
5,0,8.6,10.67 ,-0.62 
5,0,8.6,10.83 ,-0.73 
5,0,8.6,11.00 ,-0.84 
5,0,8.6,11.17 ,-0.96 
5,0,8.6,11.33 ,-1.05 
5,0,8.6,11.50 ,-1.17 
5,0,8.6,11.67 ,-1.15 
5,0,8.6,11.83 ,-1.11 
5,0,8.8,0.22 ,0.85 
5,0,8.8,0.45 ,0.98 
5,0,8.8,0.55 ,0.99 
5,0,8.8,0.78 ,0.86 
5,0,8.8,1.17 ,-1.02 
5,0,8.8,1.33 ,-1.04 
5,0,8.8,1.50 ,-1.08 
5,0,8.8,2.00 ,-1.06 
5,0,8.8,2.17 ,-1.01 
5,0,8.8,2.33 ,-0.93 
5,0,8.8,2.50 ,-0.83 
5,0,8.8,2.67 ,-0.74 
5,0,8.8,2.83 ,-0.64 
5,0,8.8,3.00 ,-0.56 
5,0,8.8,3.17 ,-0.49 
5,0,8.8,3.33 ,-0.42 
5,0,8.8,3.50 ,-0.37 
5,0,8.8,3.67 ,-0.32 
5,0,8.8,3.83 ,-0.29 
5,0,8.8,4.00 ,-0.26 
5,0,8.8,4.17 ,-0.24 
5,0,8.8,4.33 ,-0.22 
5,0,8.8,4.50 ,-0.21 
5,0,8.8,4.67 ,-0.19 
5,0,8.8,4.83 ,-0.19 
5,0,8.8,5.00 ,-0.18 
5,0,8.8,5.17 ,-0.18 
5,0,8.8,5.33 ,-0.18 
5,0,8.8,5.50 ,-0.19 
5,0,8.8,5.67 ,-0.20 
5,0,8.8,5.83 ,-0.22 
5,0,8.8,6.22 ,-0.30 
5,0,8.8,6.50 ,-0.30 
5,0,8.8,6.78 ,-0.29 
5,0,8.8,7.17 ,-0.23 
5,0,8.8,7.33 ,-0.20 
5,0,8.8,7.50 ,-0.19 
5,0,8.8,8.00 ,-0.19 
5,0,8.8,8.17 ,-0.18 
5,0,8.8,8.33 ,-0.18 
5,0,8.8,8.50 ,-0.19 
5,0,8.8,8.67 ,-0.19 
5,0,8.8,8.83 ,-0.20 
5,0,8.8,9.00 ,-0.21 
5,0,8.8,9.17 ,-0.22 
5,0,8.8,9.33 ,-0.24 
5,0,8.8,9.50 ,-0.27 
5,0,8.8,9.67 ,-0.30 
5,0,8.8,9.83 ,-0.34 
5,0,8.8,10.00 ,-0.39 
5,0,8.8,10.17 ,-0.46 
5,0,8.8,10.33 ,-0.52 
5,0,8.8,10.50 ,-0.60 
5,0,8.8,10.67 ,-0.70 
5,0,8.8,10.83 ,-0.79 
5,0,8.8,11.00 ,-0.89 
5,0,8.8,11.17 ,-0.97 
5,0,8.8,11.33 ,-1.04 
5,0,8.8,11.50 ,-1.05 
5,0,8.8,11.67 ,-1.04 
5,0,8.8,11.83 ,-1.02 
5,0,13.6,0.22 ,0.78 
5,0,13.6,0.45 ,0.92 
5,0,13.6,0.55 ,0.97 
5,0,13.6,0.78 ,0.82 
5,0,13.6,1.17 ,-1.17 
5,0,13.6,1.33 ,-1.21 
5,0,13.6,1.50 ,-1.21 
5,0,13.6,2.00 ,-0.94 
5,0,13.6,2.17 ,-0.83 
5,0,13.6,2.33 ,-0.71 
5,0,13.6,2.50 ,-0.61 
5,0,13.6,2.67 ,-0.52 
5,0,13.6,2.83 ,-0.46 
5,0,13.6,3.00 ,-0.40 
5,0,13.6,3.17 ,-0.36 
5,0,13.6,3.33 ,-0.32 
5,0,13.6,3.50 ,-0.28 
5,0,13.6,3.67 ,-0.26 
5,0,13.6,3.83 ,-0.24 
5,0,13.6,4.00 ,-0.23 
5,0,13.6,4.17 ,-0.21 
5,0,13.6,4.33 ,-0.21 
5,0,13.6,4.50 ,-0.20 
5,0,13.6,4.67 ,-0.19 
5,0,13.6,4.83 ,-0.19 
5,0,13.6,5.00 ,-0.19 
5,0,13.6,5.17 ,-0.21 
5,0,13.6,5.33 ,-0.21 
5,0,13.6,5.50 ,-0.21 
5,0,13.6,5.67 ,-0.23 
5,0,13.6,5.83 ,-0.24 
5,0,13.6,6.22 ,-0.33 
5,0,13.6,6.50 ,-0.33 
5,0,13.6,6.78 ,-0.37 
5,0,13.6,7.17 ,-0.29 
5,0,13.6,7.33 ,-0.27 
5,0,13.6,7.50 ,-0.25 
5,0,13.6,8.00 ,-0.25 
5,0,13.6,8.17 ,-0.24 
5,0,13.6,8.33 ,-0.24 
5,0,13.6,8.50 ,-0.24 
5,0,13.6,8.67 ,-0.24 
5,0,13.6,8.83 ,-0.24 
5,0,13.6,9.00 ,-0.25 
5,0,13.6,9.17 ,-0.26 
5,0,13.6,9.33 ,-0.27 
5,0,13.6,9.50 ,-0.29 
5,0,13.6,9.67 ,-0.32 
5,0,13.6,9.83 ,-0.34 
5,0,13.6,10.00 ,-0.38 
5,0,13.6,10.17 ,-0.43 
5,0,13.6,10.33 ,-0.48 
5,0,13.6,10.50 ,-0.54 
5,0,13.6,10.67 ,-0.62 
5,0,13.6,10.83 ,-0.71 
5,0,13.6,11.00 ,-0.81 
5,0,13.6,11.17 ,-0.92 
5,0,13.6,11.33 ,-1.04 
5,0,13.6,11.50 ,-1.20 
5,0,13.6,11.67 ,-1.20 
5,0,13.6,11.83 ,-1.17 
5,0,0.7,0.22 ,0.91 
5,0,0.7,0.45 ,0.99 
5,0,0.7,0.55 ,0.96 
5,0,0.7,0.78 ,0.79 
5,0,0.7,1.17 ,-0.85 
5,0,0.7,1.33 ,-0.85 
5,0,0.7,1.50 ,-0.86 
5,0,0.7,2.00 ,-0.87 
5,0,0.7,2.17 ,-0.87 
5,0,0.7,2.33 ,-0.87 
5,0,0.7,2.50 ,-0.88 
5,0,0.7,2.67 ,-0.88 
5,0,0.7,2.83 ,-0.88 
5,0,0.7,3.00 ,-0.89 
5,0,0.7,3.17 ,-0.89 
5,0,0.7,3.33 ,-0.90 
5,0,0.7,3.50 ,-0.90 
5,0,0.7,3.67 ,-0.90 
5,0,0.7,3.83 ,-0.91 
5,0,0.7,4.00 ,-0.89 
5,0,0.7,4.17 ,-0.91 
5,0,0.7,4.33 ,-0.90 
5,0,0.7,4.50 ,-0.90 
5,0,0.7,4.67 ,-0.89 
5,0,0.7,4.83 ,-0.87 
5,0,0.7,5.00 ,-0.85 
5,0,0.7,5.17 ,-0.82 
5,0,0.7,5.33 ,-0.79 
5,0,0.7,5.50 ,-0.75 
5,0,0.7,5.67 ,-0.71 
5,0,0.7,5.83 ,-0.73 
5,0,0.7,6.22 ,-0.54 
5,0,0.7,6.50 ,-0.51 
5,0,0.7,6.78 ,-0.48 
5,0,0.7,7.17 ,-0.32 
5,0,0.7,7.33 ,-0.27 
5,0,0.7,7.50 ,-0.24 
5,0,0.7,8.00 ,-0.21 
5,0,0.7,8.17 ,-0.19 
5,0,0.7,8.33 ,-0.17 
5,0,0.7,8.50 ,-0.15 
5,0,0.7,8.67 ,-0.14 
5,0,0.7,8.83 ,-0.14 
5,0,0.7,9.00 ,-0.13 
5,0,0.7,9.17 ,-0.14 
5,0,0.7,9.33 ,-0.16 
5,0,0.7,9.50 ,-0.19 
5,0,0.7,9.67 ,-0.23 
5,0,0.7,9.83 ,-0.30 
5,0,0.7,10.00 ,-0.38 
5,0,0.7,10.17 ,-0.47 
5,0,0.7,10.33 ,-0.56 
5,0,0.7,10.50 ,-0.64 
5,0,0.7,10.67 ,-0.72 
5,0,0.7,10.83 ,-0.77 
5,0,0.7,11.00 ,-0.80 
5,0,0.7,11.17 ,-0.82 
5,0,0.7,11.33 ,-0.82 
5,0,0.7,11.50 ,-0.80 
5,0,0.7,11.67 ,-0.79 
5,0,0.7,11.83 ,-0.78 
5,2,0.7,0.22 ,0.98 
5,2,0.7,0.45 ,0.82 
5,2,0.7,0.55 ,0.99 
5,2,0.7,0.78 ,0.89 
5,2,0.7,1.17 ,-0.82 
5,2,0.7,1.33 ,-0.82 
5,2,0.7,1.50 ,-0.83 
5,2,0.7,2.00 ,-0.86 
5,2,0.7,2.17 ,-0.85 
5,2,0.7,2.33 ,-0.86 
5,2,0.7,2.50 ,-0.85 
5,2,0.7,2.67 ,-0.84 
5,2,0.7,2.83 ,-0.81 
5,2,0.7,3.00 ,-0.78 
5,2,0.7,3.17 ,-0.72 
5,2,0.7,3.33 ,-0.66 
5,2,0.7,3.50 ,-0.59 
5,2,0.7,3.67 ,-0.53 
5,2,0.7,3.83 ,-0.45 
5,2,0.7,4.00 ,-0.38 
5,2,0.7,4.17 ,-0.32 
5,2,0.7,4.33 ,-0.27 
5,2,0.7,4.50 ,-0.24 
5,2,0.7,4.67 ,-0.21 
5,2,0.7,4.83 ,-0.19 
5,2,0.7,5.00 ,-0.18 
5,2,0.7,5.17 ,-0.17 
5,2,0.7,5.33 ,-0.18 
5,2,0.7,5.50 ,-0.20 
5,2,0.7,5.67 ,-0.21 
5,2,0.7,5.83 ,-0.24 
5,2,0.7,6.22 ,-0.34 
5,2,0.7,6.50 ,-0.35 
5,2,0.7,6.78 ,-0.43 
5,2,0.7,7.17 ,-0.46 
5,2,0.7,7.33 ,-0.51 
5,2,0.7,7.50 ,-0.57 
5,2,0.7,8.00 ,-0.62 
5,2,0.7,8.17 ,-0.67 
5,2,0.7,8.33 ,-0.72 
5,2,0.7,8.50 ,-0.76 
5,2,0.7,8.67 ,-0.76 
5,2,0.7,8.83 ,-0.79 
5,2,0.7,9.00 ,-0.83 
5,2,0.7,9.17 ,-0.85 
5,2,0.7,9.33 ,-0.86 
5,2,0.7,9.50 ,-0.89 
5,2,0.7,9.67 ,-0.90 
5,2,0.7,9.83 ,-0.92 
5,2,0.7,10.00 ,-0.91 
5,2,0.7,10.17 ,-0.91 
5,2,0.7,10.33 ,-0.90 
5,2,0.7,10.50 ,-0.90 
5,2,0.7,10.67 ,-0.89 
5,2,0.7,10.83 ,-0.89 
5,2,0.7,11.00 ,-0.89 
5,2,0.7,11.17 ,-0.89 
5,2,0.7,11.33 ,-0.87 
5,2,0.7,11.50 ,-0.88 
5,2,0.7,11.67 ,-0.86 
5,2,0.7,11.83 ,-0.86 
5,4,0.7,0.22 ,0.97 
5,4,0.7,0.45 ,0.79 
5,4,0.7,0.55 ,0.98 
5,4,0.7,0.78 ,0.92 
5,4,0.7,1.17 ,-0.78 
5,4,0.7,1.33 ,-0.79 
5,4,0.7,1.50 ,-0.80 
5,4,0.7,2.00 ,-0.82 
5,4,0.7,2.17 ,-0.82 
5,4,0.7,2.33 ,-0.79 
5,4,0.7,2.50 ,-0.75 
5,4,0.7,2.67 ,-0.70 
5,4,0.7,2.83 ,-0.63 
5,4,0.7,3.00 ,-0.54 
5,4,0.7,3.17 ,-0.45 
5,4,0.7,3.33 ,-0.36 
5,4,0.7,3.50 ,-0.29 
5,4,0.7,3.67 ,-0.23 
5,4,0.7,3.83 ,-0.19 
5,4,0.7,4.00 ,-0.15 
5,4,0.7,4.17 ,-0.15 
5,4,0.7,4.33 ,-0.13 
5,4,0.7,4.50 ,-0.14 
5,4,0.7,4.67 ,-0.15 
5,4,0.7,4.83 ,-0.15 
5,4,0.7,5.00 ,-0.18 
5,4,0.7,5.17 ,-0.20 
5,4,0.7,5.33 ,-0.22 
5,4,0.7,5.50 ,-0.25 
5,4,0.7,5.67 ,-0.28 
5,4,0.7,5.83 ,-0.33 
5,4,0.7,6.22 ,-0.50 
5,4,0.7,6.50 ,-0.52 
5,4,0.7,6.78 ,-0.55 
5,4,0.7,7.17 ,-0.74 
5,4,0.7,7.33 ,-0.72 
5,4,0.7,7.50 ,-0.76 
5,4,0.7,8.00 ,-0.80 
5,4,0.7,8.17 ,-0.84 
5,4,0.7,8.33 ,-0.87 
5,4,0.7,8.50 ,-0.89 
5,4,0.7,8.67 ,-0.91 
5,4,0.7,8.83 ,-0.91 
5,4,0.7,9.00 ,-0.92 
5,4,0.7,9.17 ,-0.93 
5,4,0.7,9.33 ,-0.91 
5,4,0.7,9.50 ,-0.93 
5,4,0.7,9.67 ,-0.92 
5,4,0.7,9.83 ,-0.92 
5,4,0.7,10.00 ,-0.92 
5,4,0.7,10.17 ,-0.91 
5,4,0.7,10.33 ,-0.91 
5,4,0.7,10.50 ,-0.90 
5,4,0.7,10.67 ,-0.90 
5,4,0.7,10.83 ,-0.89 
5,4,0.7,11.00 ,-0.89 
5,4,0.7,11.17 ,-0.89 
5,4,0.7,11.33 ,-0.88 
5,4,0.7,11.50 ,-0.87 
5,4,0.7,11.67 ,-0.87 
5,4,0.7,11.83 ,-0.87 
5,6,0.7,0.22 ,0.96 
5,6,0.7,0.45 ,0.76 
5,6,0.7,0.55 ,0.98 
5,6,0.7,0.78 ,0.93 
5,6,0.7,1.17 ,-0.72 
5,6,0.7,1.33 ,-0.73 
5,6,0.7,1.50 ,-0.75 
5,6,0.7,2.00 ,-0.74 
5,6,0.7,2.17 ,-0.70 
5,6,0.7,2.33 ,-0.63 
5,6,0.7,2.50 ,-0.54 
5,6,0.7,2.67 ,-0.45 
5,6,0.7,2.83 ,-0.33 
5,6,0.7,3.00 ,-0.25 
5,6,0.7,3.17 ,-0.18 
5,6,0.7,3.33 ,-0.13 
5,6,0.7,3.50 ,-0.11 
5,6,0.7,3.67 ,-0.10 
5,6,0.7,3.83 ,-0.10 
5,6,0.7,4.00 ,-0.10 
5,6,0.7,4.17 ,-0.12 
5,6,0.7,4.33 ,-0.13 
5,6,0.7,4.50 ,-0.16 
5,6,0.7,4.67 ,-0.18 
5,6,0.7,4.83 ,-0.20 
5,6,0.7,5.00 ,-0.22 
5,6,0.7,5.17 ,-0.25 
5,6,0.7,5.33 ,-0.27 
5,6,0.7,5.50 ,-0.30 
5,6,0.7,5.67 ,-0.35 
5,6,0.7,5.83 ,-0.41 
5,6,0.7,6.22 ,-0.62 
5,6,0.7,6.50 ,-0.65 
5,6,0.7,6.78 ,-0.68 
5,6,0.7,7.17 ,-0.97 
5,6,0.7,7.33 ,-0.91 
5,6,0.7,7.50 ,-0.90 
5,6,0.7,8.00 ,-0.91 
5,6,0.7,8.17 ,-0.93 
5,6,0.7,8.33 ,-0.94 
5,6,0.7,8.50 ,-0.95 
5,6,0.7,8.67 ,-0.95 
5,6,0.7,8.83 ,-0.95 
5,6,0.7,9.00 ,-0.95 
5,6,0.7,9.17 ,-0.95 
5,6,0.7,9.33 ,-0.92 
5,6,0.7,9.50 ,-0.93 
5,6,0.7,9.67 ,-0.92 
5,6,0.7,9.83 ,-0.92 
5,6,0.7,10.00 ,-0.92 
5,6,0.7,10.17 ,-0.92 
5,6,0.7,10.33 ,-0.91 
5,6,0.7,10.50 ,-0.90 
5,6,0.7,10.67 ,-0.90 
5,6,0.7,10.83 ,-0.90 
5,6,0.7,11.00 ,-0.90 
5,6,0.7,11.17 ,-0.90 
5,6,0.7,11.33 ,-0.90 
5,6,0.7,11.50 ,-0.89 
5,6,0.7,11.67 ,-0.89 
5,6,0.7,11.83 ,-0.89 
5,4,0.7,0.22 ,0.97 
5,4,0.7,0.45 ,0.80 
5,4,0.7,0.55 ,0.99 
5,4,0.7,0.78 ,0.92 
5,4,0.7,1.17 ,-0.78 
5,4,0.7,1.33 ,-0.79 
5,4,0.7,1.50 ,-0.80 
5,4,0.7,2.00 ,-0.83 
5,4,0.7,2.17 ,-0.83 
5,4,0.7,2.33 ,-0.81 
5,4,0.7,2.50 ,-0.77 
5,4,0.7,2.67 ,-0.72 
5,4,0.7,2.83 ,-0.64 
5,4,0.7,3.00 ,-0.55 
5,4,0.7,3.17 ,-0.46 
5,4,0.7,3.33 ,-0.36 
5,4,0.7,3.50 ,-0.29 
5,4,0.7,3.67 ,-0.22 
5,4,0.7,3.83 ,-0.18 
5,4,0.7,4.00 ,-0.15 
5,4,0.7,4.17 ,-0.14 
5,4,0.7,4.33 ,-0.13 
5,4,0.7,4.50 ,-0.13 
5,4,0.7,4.67 ,-0.14 
5,4,0.7,4.83 ,-0.15 
5,4,0.7,5.00 ,-0.17 
5,4,0.7,5.17 ,-0.19 
5,4,0.7,5.33 ,-0.21 
5,4,0.7,5.50 ,-0.23 
5,4,0.7,5.67 ,-0.27 
5,4,0.7,5.83 ,-0.31 
5,4,0.7,6.22 ,-0.47 
5,4,0.7,6.50 ,-0.50 
5,4,0.7,6.78 ,-0.52 
5,4,0.7,7.17 ,-0.72 
5,4,0.7,7.33 ,-0.70 
5,4,0.7,7.50 ,-0.73 
5,4,0.7,8.00 ,-0.77 
5,4,0.7,8.17 ,-0.81 
5,4,0.7,8.33 ,-0.83 
5,4,0.7,8.50 ,-0.86 
5,4,0.7,8.67 ,-0.87 
5,4,0.7,8.83 ,-0.89 
5,4,0.7,9.00 ,-0.90 
5,4,0.7,9.17 ,-0.90 
5,4,0.7,9.33 ,-0.89 
5,4,0.7,9.50 ,-0.90 
5,4,0.7,9.67 ,-0.90 
5,4,0.7,9.83 ,-0.89 
5,4,0.7,10.00 ,-0.89 
5,4,0.7,10.17 ,-0.89 
5,4,0.7,10.33 ,-0.88 
5,4,0.7,10.50 ,-0.88 
5,4,0.7,10.67 ,-0.87 
5,4,0.7,10.83 ,-0.86 
5,4,0.7,11.00 ,-0.86 
5,4,0.7,11.17 ,-0.86 
5,4,0.7,11.33 ,-0.86 
5,4,0.7,11.50 ,-0.85 
5,4,0.7,11.67 ,-0.84 
5,4,0.7,11.83 ,-0.84 
1,0,1,1.15 ,-1.66 
1,0,1,1.29 ,-1.68 
1,0,1,1.46 ,-1.73 
1,0,1,1.66 ,-1.71 
1,0,1,1.80 ,-1.58 
1,0,1,1.91 ,-1.53 
1,0,1,1.97 ,-1.54 
1,0,1,1.99 ,-1.58 
1,0,1,3.01 ,-1.58 
1,0,1,3.03 ,-1.54 
1,0,1,3.09 ,-1.53 
1,0,1,3.20 ,-1.58 
1,0,1,3.34 ,-1.71 
1,0,1,3.54 ,-1.73 
1,0,1,3.71 ,-1.68 
1,0,1,3.85 ,-1.66 
2,0,1,0.21 ,-0.76 
2,0,1,0.32 ,-0.76 
2,0,1,0.46 ,-0.76 
2,0,1,0.63 ,-0.77 
2,0,1,0.83 ,-0.78 
2,0,1,1.05 ,-0.78 
2,0,1,1.24 ,-0.78 
2,0,1,1.44 ,-0.77 
2,0,1,1.59 ,-0.74 
2,0,1,1.72 ,-0.73 
2,0,1,1.82 ,-0.73 
2,0,1,1.90 ,-0.74 
2,0,1,1.94 ,-0.76 
2,0,1,1.99 ,-0.78 
2,0,1,4.01 ,-0.78 
2,0,1,4.06 ,-0.76 
2,0,1,4.10 ,-0.74 
2,0,1,4.18 ,-0.73 
2,0,1,4.28 ,-0.73 
2,0,1,4.41 ,-0.74 
2,0,1,4.56 ,-0.77 
2,0,1,4.76 ,-0.78 
2,0,1,4.95 ,-0.78 
2,0,1,5.17 ,-0.78 
2,0,1,5.37 ,-0.77 
2,0,1,5.54 ,-0.76 
2,0,1,5.68 ,-0.76 
2,0,1,5.79 ,-0.76 
3,0,1,0.14 ,-1.05 
3,0,1,0.22 ,-1.04 
3,0,1,0.34 ,-1.05 
3,0,1,0.49 ,-1.05 
3,0,1,0.67 ,-1.06 
3,0,1,0.90 ,-1.07 
3,0,1,1.16 ,-1.07 
3,0,1,1.45 ,-1.06 
3,0,1,1.73 ,-1.00 
3,0,1,2.00 ,-0.89 
3,0,1,2.24 ,-0.75 
3,0,1,2.45 ,-0.63 
3,0,1,2.61 ,-0.53 
3,0,1,2.74 ,-0.46 
3,0,1,2.84 ,-0.41 
3,0,1,2.90 ,-0.38 
3,0,1,2.96 ,-0.36 
3,0,1,2.99 ,-0.35 
3,0,1,5.01 ,-0.35 
3,0,1,5.04 ,-0.36 
3,0,1,5.10 ,-0.38 
3,0,1,5.16 ,-0.41 
3,0,1,5.26 ,-0.46 
3,0,1,5.39 ,-0.53 
3,0,1,5.55 ,-0.63 
3,0,1,5.76 ,-0.75 
3,0,1,6.00 ,-0.89 
3,0,1,6.27 ,-1.00 
3,0,1,6.55 ,-1.06 
3,0,1,6.84 ,-1.07 
3,0,1,7.10 ,-1.07 
3,0,1,7.33 ,-1.06 
3,0,1,7.51 ,-1.05 
3,0,1,7.66 ,-1.05 
3,0,1,7.78 ,-1.04 
3,0,1,7.86 ,-1.05 
4,0,1,0.14 ,-0.92 
4,0,1,0.24 ,-0.90 
4,0,1,0.38 ,-0.91 
4,0,1,0.56 ,-0.92 
4,0,1,0.79 ,-0.93 
4,0,1,1.08 ,-0.95 
4,0,1,1.40 ,-0.94 
4,0,1,1.78 ,-0.89 
4,0,1,2.15 ,-0.79 
4,0,1,2.53 ,-0.65 
4,0,1,2.87 ,-0.51 
4,0,1,3.16 ,-0.41 
4,0,1,3.40 ,-0.33 
4,0,1,3.59 ,-0.29 
4,0,1,3.73 ,-0.26 
4,0,1,3.85 ,-0.25 
4,0,1,3.91 ,-0.24 
4,0,1,3.99 ,-0.24 
4,0,1,6.01 ,-0.24 
4,0,1,6.09 ,-0.24 
4,0,1,6.15 ,-0.25 
4,0,1,6.27 ,-0.26 
4,0,1,6.41 ,-0.29 
4,0,1,6.60 ,-0.33 
4,0,1,6.84 ,-0.41 
4,0,1,7.13 ,-0.51 
4,0,1,7.47 ,-0.65 
4,0,1,7.85 ,-0.79 
4,0,1,8.22 ,-0.89 
4,0,1,8.60 ,-0.94 
4,0,1,8.92 ,-0.95 
4,0,1,9.21 ,-0.93 
4,0,1,9.44 ,-0.92 
4,0,1,9.62 ,-0.91 
4,0,1,9.76 ,-0.90 
4,0,1,9.86 ,-0.92 
5,0,1,0.14 ,-0.82 
5,0,1,0.24 ,-0.85 
5,0,1,0.37 ,-0.84 
5,0,1,0.55 ,-0.85 
5,0,1,0.77 ,-0.85 
5,0,1,1.03 ,-0.86 
5,0,1,1.36 ,-0.85 
5,0,1,1.74 ,-0.82 
5,0,1,2.15 ,-0.74 
5,0,1,2.59 ,-0.63 
5,0,1,3.02 ,-0.51 
5,0,1,3.41 ,-0.40 
5,0,1,3.78 ,-0.31 
5,0,1,4.08 ,-0.25 
5,0,1,4.33 ,-0.21 
5,0,1,4.53 ,-0.19 
5,0,1,4.69 ,-0.18 
5,0,1,4.80 ,-0.17 
5,0,1,4.90 ,-0.17 
5,0,1,4.97 ,-0.17 
5,0,1,7.03 ,-0.17 
5,0,1,7.10 ,-0.17 
5,0,1,7.20 ,-0.17 
5,0,1,7.31 ,-0.18 
5,0,1,7.47 ,-0.19 
5,0,1,7.67 ,-0.21 
5,0,1,7.92 ,-0.25 
5,0,1,8.22 ,-0.31 
5,0,1,8.59 ,-0.40 
5,0,1,8.98 ,-0.51 
5,0,1,9.41 ,-0.63 
5,0,1,9.85 ,-0.74 
5,0,1,10.26 ,-0.82 
5,0,1,10.64 ,-0.85 
5,0,1,10.97 ,-0.86 
5,0,1,11.23 ,-0.85 
5,0,1,11.45 ,-0.85 
5,0,1,11.63 ,-1.84 
5,0,1,11.76 ,-0.85 
5,0,1,11.86 ,-0.82 
1.5,-4,0.2,3.65 ,-1.29 
1.5,-3,0.2,3.65 ,-1.38 
1.5,-2,0.2,3.65 ,-1.33 
1.5,-1,0.2,3.65 ,-1.36 
1.5,0,0.2,3.65 ,-1.36 
1.5,1,0.2,3.65 ,-1.34 
1.5,2,0.2,3.65 ,-1.30 
1.5,3,0.2,3.65 ,-1.22 
1.5,4,0.2,3.65 ,-1.14 
1.5,5,0.2,3.65 ,-1.04 
1.5,6,0.2,3.65 ,-1.00 
1.5,7,0.2,3.65 ,-1.00 
1.5,8,0.2,3.65 ,-1.12 
1.5,9,0.2,3.65 ,-1.18 
1.5,10,0.2,3.65 ,-1.24 
1.5,11,0.2,3.65 ,-1.30 
1.5,12,0.2,3.65 ,-1.34 
1.5,13,0.2,3.65 ,-1.35 
1.5,14,0.2,3.65 ,-1.36 
1.5,15,0.2,3.65 ,-1.38 
1.5,16,0.2,3.65 ,-1.35 
1.5,17,0.2,3.65 ,-1.36 
1.5,18,0.2,3.65 ,-1.34 
1.5,19,0.2,3.65 ,-1.34 
1.5,20,0.2,3.65 ,-1.35 
1.5,25,0.2,3.65 ,-1.29 
1.5,30,0.2,3.65 ,-0.88 
1.5,40,0.2,3.65 ,-0.87 
1.5,50,0.2,3.65 ,-0.90 
1.5,60,0.2,3.65 ,-0.88 
1.5,65,0.2,3.65 ,-0.85 
1.5,68,0.2,3.65 ,-0.85 
1.5,69,0.2,3.65 ,-0.87 
1.5,70,0.2,3.65 ,-0.86 
1.5,71,0.2,3.65 ,-0.85 
1.5,72,0.2,3.65 ,-0.89 
1.5,75,0.2,3.65 ,-0.91 
1.5,77,0.2,3.65 ,-0.92 
1.5,78,0.2,3.65 ,-0.91 
1.5,79,0.2,3.65 ,-0.91 
1.5,81,0.2,3.65 ,-0.90 
1.5,83,0.2,3.65 ,-0.95 
1.5,85,0.2,3.65 ,-0.93 
1.5,87,0.2,3.65 ,-0.95 
1.5,89,0.2,3.65 ,-0.92 
1.5,90,0.2,3.65 ,-0.92 
1.5,-4,0.2,3.65 ,-1.31 
1.5,-3,0.2,3.65 ,-1.39 
1.5,-2,0.2,3.65 ,-1.37 
1.5,-1,0.2,3.65 ,-1.40 
1.5,0,0.2,3.65 ,-1.38 
1.5,1,0.2,3.65 ,-1.38 
1.5,2,0.2,3.65 ,-1.31 
1.5,3,0.2,3.65 ,-1.25 
1.5,4,0.2,3.65 ,-1.16 
1.5,5,0.2,3.65 ,-1.07 
1.5,6,0.2,3.65 ,-1.00 
1.5,7,0.2,3.65 ,-0.99 
1.5,8,0.2,3.65 ,-1.07 
1.5,9,0.2,3.65 ,-1.14 
1.5,10,0.2,3.65 ,-1.20 
1.5,12,0.2,3.65 ,-1.31 
1.5,13,0.2,3.65 ,-1.33 
1.5,14,0.2,3.65 ,-1.33 
1.5,15,0.2,3.65 ,-1.37 
1.5,16,0.2,3.65 ,-1.34 
1.5,17,0.2,3.65 ,-1.34 
1.5,18,0.2,3.65 ,-1.33 
1.5,19,0.2,3.65 ,-1.32 
1.5,20,0.2,3.65 ,-1.33 
1.5,25,0.2,3.65 ,-1.20 
1.5,30,0.2,3.65 ,-0.86 
1.5,40,0.2,3.65 ,-0.88 
1.5,50,0.2,3.65 ,-0.91 
1.5,60,0.2,3.65 ,-0.89 
1.5,65,0.2,3.65 ,-0.87 
1.5,68,0.2,3.65 ,-0.86 
1.5,69,0.2,3.65 ,-0.86 
1.5,70,0.2,3.65 ,-0.87 
1.5,72,0.2,3.65 ,-0.90 
1.5,75,0.2,3.65 ,-0.93 
1.5,77,0.2,3.65 ,-0.93 
1.5,78,0.2,3.65 ,-0.92 
1.5,79,0.2,3.65 ,-0.94 
1.5,81,0.2,3.65 ,-0.93 
1.5,83,0.2,3.65 ,-0.96 
1.5,85,0.2,3.65 ,-0.95 
1.5,87,0.2,3.65 ,-0.96 
1.5,89,0.2,3.65 ,-0.95 
1.5,90,0.2,3.65 ,-0.95 
1.5,-4,0.2,3.65 ,-1.29 
1.5,-3,0.2,3.65 ,-1.36 
1.5,-2,0.2,3.65 ,-1.35 
1.5,-1,0.2,3.65 ,-1.38 
1.5,0,0.2,3.65 ,-1.34 
1.5,1,0.2,3.65 ,-1.36 
1.5,2,0.2,3.65 ,-1.30 
1.5,3,0.2,3.65 ,-1.25 
1.5,4,0.2,3.65 ,-1.13 
1.5,5,0.2,3.65 ,-1.04 
1.5,6,0.2,3.65 ,-0.98 
1.5,7,0.2,3.65 ,-0.94 
1.5,8,0.2,3.65 ,-1.01 
1.5,9,0.2,3.65 ,-1.13 
1.5,10,0.2,3.65 ,-1.17 
1.5,12,0.2,3.65 ,-1.27 
1.5,13,0.2,3.65 ,-1.28 
1.5,14,0.2,3.65 ,-1.33 
1.5,15,0.2,3.65 ,-1.33 
1.5,16,0.2,3.65 ,-1.31 
1.5,17,0.2,3.65 ,-1.30 
1.5,18,0.2,3.65 ,-1.29 
1.5,19,0.2,3.65 ,-1.28 
1.5,20,0.2,3.65 ,-1.28 
1.5,25,0.2,3.65 ,-1.13 
1.5,30,0.2,3.65 ,-0.83 
1.5,40,0.2,3.65 ,-0.85 
1.5,50,0.2,3.65 ,-0.85 
1.5,60,0.2,3.65 ,-0.83 
1.5,65,0.2,3.65 ,-0.82 
1.5,68,0.2,3.65 ,-0.81 
1.5,69,0.2,3.65 ,-0.81 
1.5,70,0.2,3.65 ,-0.82 
1.5,71,0.2,3.65 ,-0.82 
1.5,72,0.2,3.65 ,-0.85 
1.5,75,0.2,3.65 ,-0.87 
1.5,77,0.2,3.65 ,-0.87 
1.5,78,0.2,3.65 ,-0.87 
1.5,79,0.2,3.65 ,-0.88 
1.5,81,0.2,3.65 ,-0.87 
1.5,83,0.2,3.65 ,-0.89 
1.5,85,0.2,3.65 ,-0.90 
1.5,87,0.2,3.65 ,-0.89 
1.5,89,0.2,3.65 ,-0.90 
1.5,90,0.2,3.65 ,-0.91 
1.5,-4,0.2,3.65 ,-1.26 
1.5,-3,0.2,3.65 ,-1.33 
1.5,-2,0.2,3.65 ,-1.33 
1.5,-1,0.2,3.65 ,-1.35 
1.5,0,0.2,3.65 ,-1.31 
1.5,1,0.2,3.65 ,-1.33 
1.5,2,0.2,3.65 ,-1.29 
1.5,3,0.2,3.65 ,-1.21 
1.5,4,0.2,3.65 ,-1.12 
1.5,5,0.2,3.65 ,-1.03 
1.5,6,0.2,3.65 ,-0.96 
1.5,7,0.2,3.65 ,-0.95 
1.5,8,0.2,3.65 ,-1.00 
1.5,9,0.2,3.65 ,-1.10 
1.5,10,0.2,3.65 ,-1.15 
1.5,12,0.2,3.65 ,-1.22 
1.5,13,0.2,3.65 ,-1.26 
1.5,14,0.2,3.65 ,-1.27 
1.5,15,0.2,3.65 ,-1.27 
1.5,16,0.2,3.65 ,-1.27 
1.5,17,0.2,3.65 ,-1.27 
1.5,18,0.2,3.65 ,-1.26 
1.5,19,0.2,3.65 ,-1.25 
1.5,20,0.2,3.65 ,-1.25 
1.5,25,0.2,3.65 ,-1.18 
1.5,30,0.2,3.65 ,-0.81 
1.5,40,0.2,3.65 ,-0.82 
1.5,50,0.2,3.65 ,-0.82 
1.5,60,0.2,3.65 ,-0.81 
1.5,65,0.2,3.65 ,-0.79 
1.5,68,0.2,3.65 ,-0.77 
1.5,69,0.2,3.65 ,-0.78 
1.5,70,0.2,3.65 ,-0.79 
1.5,71,0.2,3.65 ,-0.80 
1.5,72,0.2,3.65 ,-0.82 
1.5,75,0.2,3.65 ,-0.85 
1.5,77,0.2,3.65 ,-0.85 
1.5,78,0.2,3.65 ,-0.85 
1.5,79,0.2,3.65 ,-0.85 
1.5,83,0.2,3.65 ,-0.86 
1.5,85,0.2,3.65 ,-0.87 
1.5,87,0.2,3.65 ,-0.87 
1.5,89,0.2,3.65 ,-0.87 
1.5,90,0.2,3.65 ,-0.86 
1.5,0,0.2,0.50 ,0.92 
1.5,0,0.2,1.15 ,-1.31 
1.5,0,0.2,1.39 ,-1.33 
1.5,0,0.2,1.63 ,-1.36 
1.5,0,0.2,1.87 ,-1.38 
1.5,0,0.2,2.11 ,-1.37 
1.5,0,0.2,2.35 ,-1.38 
1.5,0,0.2,2.70 ,-1.14 
1.5,0,0.2,3.00 ,-1.15 
1.5,0,0.2,3.30 ,-1.16 
1.5,0,0.2,3.65 ,-1.39 
1.5,0,0.2,3.89 ,-1.34 
1.5,0,0.2,4.13 ,-1.34 
1.5,0,0.2,4.37 ,-1.32 
1.5,0,0.2,4.61 ,-1.31 
1.5,0,0.2,4.85 ,-1.29 
1.5,8.3,0.2,0.50 ,0.93 
1.5,8.3,0.2,1.15 ,-1.80 
1.5,8.3,0.2,1.39 ,-1.83 
1.5,8.3,0.2,1.63 ,-1.86 
1.5,8.3,0.2,1.87 ,-1.79 
1.5,8.3,0.2,2.11 ,-1.50 
1.5,8.3,0.2,2.35 ,-1.12 
1.5,8.3,0.2,2.70 ,-0.96 
1.5,8.3,0.2,3.00 ,-0.96 
1.5,8.3,0.2,3.30 ,-0.97 
1.5,8.3,0.2,3.65 ,-1.02 
1.5,8.3,0.2,3.89 ,-1.00 
1.5,8.3,0.2,4.13 ,-1.00 
1.5,8.3,0.2,4.37 ,-1.00 
1.5,8.3,0.2,4.61 ,-1.00 
1.5,8.3,0.2,4.85 ,-0.99 
1.5,20,0.2,0.50 ,0.81 
1.5,20,0.2,1.15 ,-1.04 
1.5,20,0.2,1.39 ,-0.79 
1.5,20,0.2,1.63 ,-0.34 
1.5,20,0.2,1.87 ,-0.35 
1.5,20,0.2,2.11 ,-0.52 
1.5,20,0.2,2.35 ,-0.77 
1.5,20,0.2,2.70 ,-1.17 
1.5,20,0.2,3.00 ,-1.19 
1.5,20,0.2,3.30 ,-1.23 
1.5,20,0.2,3.65 ,-1.27 
1.5,20,0.2,3.89 ,-1.25 
1.5,20,0.2,4.13 ,-1.23 
1.5,20,0.2,4.37 ,-1.23 
1.5,20,0.2,4.61 ,-1.23 
1.5,20,0.2,4.85 ,-1.21 
1.5,40,0.2,0.50 ,0.43 
1.5,40,0.2,1.15 ,0.72 
1.5,40,0.2,1.39 ,0.58 
1.5,40,0.2,1.63 ,0.38 
1.5,40,0.2,1.87 ,0.22 
1.5,40,0.2,2.11 ,0.02 
1.5,40,0.2,2.35 ,-0.29 
1.5,40,0.2,2.70 ,-0.83 
1.5,40,0.2,3.00 ,-0.84 
1.5,40,0.2,3.30 ,-0.85 
1.5,40,0.2,3.65 ,-0.85 
1.5,40,0.2,3.89 ,-0.85 
1.5,40,0.2,4.13 ,-0.84 
1.5,40,0.2,4.37 ,-0.84 
1.5,40,0.2,4.61 ,-0.89 
1.5,40,0.2,4.85 ,-0.83 
1.5,70,0.2,0.50 ,-1.69 
1.5,70,0.2,1.15 ,0.71 
1.5,70,0.2,1.39 ,0.92 
1.5,70,0.2,1.63 ,0.91 
1.5,70,0.2,1.87 ,0.83 
1.5,70,0.2,2.11 ,0.66 
1.5,70,0.2,2.35 ,0.31 
1.5,70,0.2,2.70 ,-0.81 
1.5,70,0.2,3.00 ,-0.82 
1.5,70,0.2,3.30 ,-0.85 
1.5,70,0.2,3.65 ,-0.81 
1.5,70,0.2,3.89 ,-0.80 
1.5,70,0.2,4.13 ,-0.81 
1.5,70,0.2,4.37 ,-0.81 
1.5,70,0.2,4.61 ,-0.81 
1.5,70,0.2,4.85 ,-0.80 
1.5,90,0.2,0.50 ,-0.94 
1.5,90,0.2,1.15 ,0.54 
1.5,90,0.2,1.39 ,0.86 
1.5,90,0.2,1.63 ,0.94 
1.5,90,0.2,1.87 ,0.94 
1.5,90,0.2,2.11 ,0.87 
1.5,90,0.2,2.35 ,0.57 
1.5,90,0.2,2.70 ,-0.92 
1.5,90,0.2,3.00 ,-0.94 
1.5,90,0.2,3.30 ,-0.99 
1.5,90,0.2,3.65 ,-0.90 
1.5,90,0.2,3.89 ,-0.88 
1.5,90,0.2,4.13 ,-0.88 
1.5,90,0.2,4.37 ,-0.88 
1.5,90,0.2,4.61 ,-0.89 
1.5,90,0.2,4.85 ,-0.89 
2,6,1,0.12 ,0.58 
2,6,1,0.29 ,0.87 
2,6,1,0.51 ,0.96 
2,6,1,0.73 ,0.92 
2,6,1,0.89 ,0.47 
2,6,1,1.12 ,-0.97 
2,6,1,1.23 ,-0.95 
2,6,1,1.34 ,-0.98 
2,6,1,1.56 ,-0.94 
2,6,1,1.78 ,-1.00 
2,6,1,2.00 ,-1.01 
2,6,1,2.23 ,-1.00 
2,6,1,2.45 ,-0.88 
2,6,1,2.67 ,-0.83 
2,6,1,2.78 ,-0.74 
2,6,1,2.90 ,-0.72 
2,6,1,3.12 ,-0.59 
2,6,1,3.29 ,-0.60 
2,6,1,3.51 ,-0.57 
2,6,1,3.73 ,-0.56 
2,6,1,3.89 ,-0.57 
2,6,1,4.12 ,-0.66 
2,6,1,4.23 ,-0.65 
2,6,1,4.34 ,-0.62 
2,6,1,4.56 ,-0.62 
2,6,1,4.79 ,-0.63 
2,6,1,5.01 ,-0.61 
2,6,1,5.23 ,-0.64 
2,6,1,5.46 ,-0.62 
2,6,1,5.67 ,-0.62 
2,6,1,5.78 ,-0.61 
2,6,1,5.90 ,-0.63 
2,8,1,0.12 ,0.56 
2,8,1,0.29 ,0.86 
2,8,1,0.51 ,0.95 
2,8,1,0.73 ,0.92 
2,8,1,0.89 ,0.41 
2,8,1,1.12 ,-1.30 
2,8,1,1.23 ,-1.28 
2,8,1,1.34 ,-1.32 
2,8,1,1.56 ,-1.30 
2,8,1,1.78 ,-1.37 
2,8,1,2.00 ,-1.31 
2,8,1,2.23 ,-1.18 
2,8,1,2.45 ,-0.85 
2,8,1,2.67 ,-0.67 
2,8,1,2.78 ,-0.58 
2,8,1,2.90 ,-0.58 
2,8,1,3.12 ,-0.61 
2,8,1,3.29 ,-0.64 
2,8,1,3.51 ,-0.62 
2,8,1,3.73 ,-0.60 
2,8,1,3.89 ,-0.61 
2,8,1,4.12 ,-0.72 
2,8,1,4.23 ,-0.70 
2,8,1,4.34 ,-0.66 
2,8,1,4.56 ,-0.67 
2,8,1,4.79 ,-0.68 
2,8,1,5.01 ,-0.66 
2,8,1,5.23 ,-0.69 
2,8,1,5.46 ,-0.68 
2,8,1,5.67 ,-0.69 
2,8,1,5.78 ,-0.66 
2,8,1,5.90 ,-0.68 
2,10,1,0.12 ,0.46 
2,10,1,0.29 ,0.82 
2,10,1,0.51 ,0.93 
2,10,1,0.73 ,0.93 
2,10,1,0.89 ,0.48 
2,10,1,1.12 ,-1.18 
2,10,1,1.23 ,-1.17 
2,10,1,1.34 ,-1.20 
2,10,1,1.56 ,-1.23 
2,10,1,1.78 ,-1.23 
2,10,1,2.00 ,-1.08 
2,10,1,2.23 ,-0.83 
2,10,1,2.45 ,-0.52 
2,10,1,2.67 ,-0.45 
2,10,1,2.78 ,-0.46 
2,10,1,2.90 ,-0.53 
2,10,1,3.12 ,-0.72 
2,10,1,3.29 ,-0.72 
2,10,1,3.51 ,-0.71 
2,10,1,3.73 ,-0.69 
2,10,1,3.89 ,-0.73 
2,10,1,4.12 ,-0.82 
2,10,1,4.23 ,-0.79 
2,10,1,4.34 ,-0.75 
2,10,1,4.56 ,-0.76 
2,10,1,4.79 ,-0.76 
2,10,1,5.01 ,-0.74 
2,10,1,5.23 ,-0.76 
2,10,1,5.46 ,-0.77 
2,10,1,5.67 ,-0.77 
2,10,1,5.78 ,-0.74 
2,10,1,5.90 ,-0.76 
2,0,0.5,0.11 ,0.64 
2,0,0.5,0.28 ,0.90 
2,0,0.5,0.51 ,1.00 
2,0,0.5,0.73 ,0.93 
2,0,0.5,0.89 ,0.51 
2,0,0.5,1.11 ,-0.73 
2,0,0.5,1.22 ,-0.75 
2,0,0.5,1.34 ,-0.74 
2,0,0.5,1.56 ,-0.72 
2,0,0.5,1.78 ,-0.74 
2,0,0.5,2.00 ,-0.75 
2,0,0.5,2.23 ,-0.78 
2,0,0.5,2.45 ,-0.77 
2,0,0.5,2.67 ,-0.75 
2,0,0.5,2.79 ,-0.75 
2,0,0.5,2.90 ,-0.79 
2,0,0.5,3.12 ,-0.66 
2,0,0.5,3.29 ,-0.64 
2,0,0.5,3.51 ,-0.63 
2,0,0.5,3.73 ,-0.62 
2,0,0.5,3.89 ,-0.64 
2,0,0.5,4.11 ,-0.79 
2,0,0.5,4.23 ,-0.73 
2,0,0.5,4.34 ,-0.76 
2,0,0.5,4.56 ,-0.77 
2,0,0.5,4.78 ,-0.77 
2,0,0.5,5.00 ,-0.77 
2,0,0.5,5.22 ,-0.76 
2,0,0.5,5.44 ,-0.74 
2,0,0.5,5.66 ,-0.78 
2,0,0.5,5.78 ,-0.75 
2,0,0.5,5.88 ,-0.76 
2,2,0.5,0.11 ,0.61 
2,2,0.5,0.28 ,0.89 
2,2,0.5,0.51 ,0.97 
2,2,0.5,0.73 ,0.91 
2,2,0.5,0.89 ,0.48 
2,2,0.5,1.11 ,-0.76 
2,2,0.5,1.22 ,-0.77 
2,2,0.5,1.34 ,-0.74 
2,2,0.5,1.56 ,-0.78 
2,2,0.5,1.78 ,-0.79 
2,2,0.5,2.00 ,-0.80 
2,2,0.5,2.23 ,-0.77 
2,2,0.5,2.45 ,-0.76 
2,2,0.5,2.67 ,-0.74 
2,2,0.5,2.79 ,-0.79 
2,2,0.5,2.90 ,-0.64 
2,2,0.5,3.12 ,-0.62 
2,2,0.5,3.29 ,-0.61 
2,2,0.5,3.51 ,-0.61 
2,2,0.5,3.73 ,-0.62 
2,2,0.5,3.89 ,-0.76 
2,2,0.5,4.11 ,-0.73 
2,2,0.5,4.23 ,-0.71 
2,2,0.5,4.34 ,-0.72 
2,2,0.5,4.56 ,-0.73 
2,2,0.5,4.78 ,-0.71 
2,2,0.5,5.00 ,-0.72 
2,2,0.5,5.22 ,-0.70 
2,2,0.5,5.44 ,-0.69 
2,2,0.5,5.66 ,-0.69 
2,2,0.5,5.78 ,-0.72 
2,2,0.5,5.88 ,-0.75 
2,4,0.5,0.12 ,0.57 
2,4,0.5,0.29 ,0.87 
2,4,0.5,0.51 ,0.96 
2,4,0.5,0.74 ,0.91 
2,4,0.5,0.92 ,0.49 
2,4,0.5,1.13 ,-0.78 
2,4,0.5,1.24 ,-0.78 
2,4,0.5,1.35 ,-0.80 
2,4,0.5,1.56 ,-0.76 
2,4,0.5,1.78 ,-0.81 
2,4,0.5,2.01 ,-0.81 
2,4,0.5,2.23 ,-0.82 
2,4,0.5,2.45 ,-0.76 
2,4,0.5,3.12 ,-0.59 
2,4,0.5,3.28 ,-0.60 
2,4,0.5,3.51 ,-0.57 
2,4,0.5,3.73 ,-0.57 
2,4,0.5,3.88 ,-0.58 
2,4,0.5,4.12 ,-0.68 
2,4,0.5,4.25 ,-0.67 
2,4,0.5,4.34 ,-0.64 
2,4,0.5,4.56 ,-0.63 
2,4,0.5,4.78 ,-0.67 
2,4,0.5,5.00 ,-0.65 
2,4,0.5,5.22 ,-0.67 
2,4,0.5,5.45 ,-0.63 
2,4,0.5,5.67 ,-0.63 
2,4,0.5,5.78 ,-0.62 
2,4,0.5,5.90 ,-0.64 
2,6,0.5,0.12 ,0.58 
2,6,0.5,0.28 ,0.86 
2,6,0.5,0.51 ,0.96 
2,6,0.5,1.11 ,-0.97 
2,6,0.5,1.24 ,-0.95 
2,6,0.5,1.34 ,-0.98 
2,6,0.5,1.56 ,-0.94 
2,6,0.5,1.79 ,-1.00 
2,6,0.5,2.01 ,-1.00 
2,6,0.5,2.24 ,-0.99 
2,6,0.5,2.45 ,-0.88 
2,6,0.5,2.68 ,-0.84 
2,6,0.5,2.90 ,-0.73 
2,6,0.5,3.12 ,-0.59 
2,6,0.5,3.28 ,-0.61 
2,6,0.5,3.52 ,-0.58 
2,6,0.5,3.73 ,-0.57 
2,6,0.5,3.90 ,-0.57 
2,6,0.5,4.12 ,-0.67 
2,6,0.5,4.24 ,-0.65 
2,6,0.5,4.35 ,-0.62 
2,6,0.5,4.56 ,-0.62 
2,6,0.5,4.79 ,-0.63 
2,6,0.5,5.01 ,-0.61 
2,6,0.5,5.24 ,-0.64 
2,6,0.5,5.45 ,-0.63 
2,6,0.5,5.67 ,-0.62 
2,6,0.5,5.79 ,-0.62 
2,6,0.5,5.90 ,-0.64 
2,8,0.5,0.12 ,0.57 
2,8,0.5,0.28 ,0.85 
2,8,0.5,0.50 ,0.96 
2,8,0.5,0.90 ,0.41 
2,8,0.5,1.11 ,-1.28 
2,8,0.5,1.23 ,-1.26 
2,8,0.5,1.33 ,-1.30 
2,8,0.5,1.55 ,-1.28 
2,8,0.5,1.78 ,-1.34 
2,8,0.5,1.99 ,-1.30 
2,8,0.5,2.23 ,-1.16 
2,8,0.5,2.44 ,-0.82 
2,8,0.5,2.67 ,-0.66 
2,8,0.5,2.77 ,-0.56 
2,8,0.5,3.12 ,-0.59 
2,8,0.5,3.28 ,-0.64 
2,8,0.5,3.50 ,-0.60 
2,8,0.5,3.72 ,-0.59 
2,8,0.5,3.88 ,-0.60 
2,8,0.5,4.12 ,-0.71 
2,8,0.5,4.35 ,-0.66 
2,8,0.5,4.56 ,-0.66 
2,8,0.5,4.78 ,-0.67 
2,8,0.5,5.00 ,-0.65 
2,8,0.5,5.23 ,-0.67 
2,8,0.5,5.45 ,-0.67 
2,8,0.5,5.67 ,-0.67 
2,8,0.5,5.90 ,-0.69 
2,10,0.5,0.11 ,0.46 
2,10,0.5,0.27 ,0.83 
2,10,0.5,1.12 ,-1.17 
2,10,0.5,1.23 ,-1.15 
2,10,0.5,1.34 ,-1.18 
2,10,0.5,1.56 ,-1.22 
2,10,0.5,1.78 ,-1.22 
2,10,0.5,2.00 ,-1.08 
2,10,0.5,2.22 ,-0.81 
2,10,0.5,2.44 ,-0.51 
2,10,0.5,2.68 ,-0.43 
2,10,0.5,3.11 ,-0.70 
2,10,0.5,3.27 ,-0.71 
2,10,0.5,3.50 ,-0.69 
2,10,0.5,3.72 ,-0.67 
2,10,0.5,3.89 ,-0.72 
2,10,0.5,4.11 ,-0.80 
2,10,0.5,4.33 ,-0.73 
2,10,0.5,4.55 ,-0.74 
2,10,0.5,4.77 ,-0.74 
2,10,0.5,5.00 ,-0.73 
2,10,0.5,5.22 ,-0.75 
2,10,0.5,5.44 ,-0.76 
2,10,0.5,5.64 ,-0.76 
2,10,0.5,5.89 ,-0.75 
2,20,0.5,0.10 ,0.25 
2,20,0.5,0.29 ,0.65 
2,20,0.5,0.73 ,0.98 
2,20,0.5,1.10 ,-0.49 
2,20,0.5,1.22 ,-0.49 
2,20,0.5,1.33 ,-0.52 
2,20,0.5,1.54 ,-0.11 
2,20,0.5,1.78 ,0.05 
2,20,0.5,1.98 ,0.00 
2,20,0.5,2.22 ,-0.09 
2,20,0.5,2.43 ,-0.19 
2,20,0.5,2.66 ,-0.31 
2,20,0.5,3.11 ,-0.81 
2,20,0.5,3.28 ,-0.84 
2,20,0.5,3.50 ,-0.86 
2,20,0.5,3.71 ,-0.90 
2,20,0.5,3.89 ,-0.95 
2,20,0.5,4.10 ,-0.95 
2,20,0.5,4.20 ,-0.92 
2,20,0.5,4.32 ,-0.89 
2,20,0.5,4.55 ,-0.88 
2,20,0.5,4.76 ,-0.87 
2,20,0.5,4.99 ,-0.87 
2,20,0.5,5.22 ,-0.87 
2,20,0.5,5.44 ,-0.85 
2,20,0.5,5.66 ,-0.85 
2,20,0.5,5.76 ,-0.82 
2,20,0.5,5.87 ,-0.86 
2,25,0.5,0.10 ,0.11 
2,25,0.5,0.27 ,0.53 
2,25,0.5,0.49 ,0.79 
2,25,0.5,0.72 ,0.94 
2,25,0.5,0.88 ,0.95 
2,25,0.5,1.11 ,-0.10 
2,25,0.5,1.22 ,-0.10 
2,25,0.5,1.33 ,0.01 
2,25,0.5,1.54 ,0.29 
2,25,0.5,1.77 ,0.17 
2,25,0.5,2.00 ,0.08 
2,25,0.5,2.22 ,0.00 
2,25,0.5,2.43 ,-0.11 
2,25,0.5,2.66 ,-0.27 
2,25,0.5,2.77 ,-0.36 
2,25,0.5,2.89 ,-0.54 
2,25,0.5,3.11 ,-0.86 
2,25,0.5,3.26 ,-0.88 
2,25,0.5,3.49 ,-0.92 
2,25,0.5,3.72 ,-0.94 
2,25,0.5,3.87 ,-0.99 
2,25,0.5,4.10 ,-0.99 
2,25,0.5,4.22 ,-0.97 
2,25,0.5,4.32 ,-0.94 
2,25,0.5,4.55 ,-0.92 
2,25,0.5,4.77 ,-0.91 
2,25,0.5,5.00 ,-0.90 
2,25,0.5,5.22 ,-0.90 
2,25,0.5,5.43 ,-0.88 
2,25,0.5,5.66 ,-0.88 
2,25,0.5,5.77 ,-0.87 
2,25,0.5,5.87 ,-0.89 
2,30,0.5,0.12 ,0.01 
2,30,0.5,0.29 ,0.41 
2,30,0.5,0.51 ,0.71 
2,30,0.5,0.73 ,0.89 
2,30,0.5,0.89 ,1.00 
2,30,0.5,1.11 ,0.33 
2,30,0.5,1.23 ,0.36 
2,30,0.5,1.34 ,0.54 
2,30,0.5,1.56 ,0.42 
2,30,0.5,1.78 ,0.31 
2,30,0.5,2.01 ,0.21 
2,30,0.5,2.22 ,0.10 
2,30,0.5,2.44 ,-0.02 
2,30,0.5,2.67 ,-0.18 
2,30,0.5,2.78 ,-0.29 
2,30,0.5,2.89 ,-0.48 
2,30,0.5,3.11 ,-0.85 
2,30,0.5,3.28 ,-0.88 
2,30,0.5,3.51 ,-0.90 
2,30,0.5,3.72 ,-0.92 
2,30,0.5,3.89 ,-0.96 
2,30,0.5,4.10 ,-0.96 
2,30,0.5,4.24 ,-0.94 
2,30,0.5,4.35 ,-0.94 
2,30,0.5,4.55 ,-0.91 
2,30,0.5,4.78 ,-0.90 
2,30,0.5,5.00 ,-0.89 
2,30,0.5,5.23 ,-0.89 
2,30,0.5,5.44 ,-0.86 
2,30,0.5,5.67 ,-0.86 
2,30,0.5,5.89 ,-0.89 
2,45,0.5,0.13 ,-0.34 
2,45,0.5,0.29 ,0.01 
2,45,0.5,0.51 ,0.31 
2,45,0.5,0.73 ,0.50 
2,45,0.5,0.90 ,0.65 
2,45,0.5,1.12 ,0.97 
2,45,0.5,1.34 ,0.87 
2,45,0.5,1.56 ,0.79 
2,45,0.5,1.78 ,0.67 
2,45,0.5,2.00 ,0.56 
2,45,0.5,2.23 ,0.43 
2,45,0.5,2.44 ,0.28 
2,45,0.5,2.67 ,0.07 
2,45,0.5,2.78 ,-0.08 
2,45,0.5,3.12 ,-0.92 
2,45,0.5,3.29 ,-0.94 
2,45,0.5,3.51 ,-0.97 
2,45,0.5,3.72 ,-0.99 
2,45,0.5,3.90 ,-1.02 
2,45,0.5,4.11 ,-1.01 
2,45,0.5,4.23 ,-0.99 
2,45,0.5,4.33 ,-0.99 
2,45,0.5,4.56 ,-0.96 
2,45,0.5,4.78 ,-0.95 
2,45,0.5,5.00 ,-0.94 
2,45,0.5,5.23 ,-0.94 
2,45,0.5,5.45 ,-0.92 
2,45,0.5,5.67 ,-0.90 
2,45,0.5,5.78 ,-0.89 
2,45,0.5,5.89 ,-0.91 
2,55,0.5,0.11 ,-0.54 
2,55,0.5,0.28 ,-0.23 
2,55,0.5,0.49 ,0.06 
2,55,0.5,0.74 ,-0.20 
2,55,0.5,0.90 ,-0.39 
2,55,0.5,1.11 ,0.90 
2,55,0.5,1.34 ,0.93 
2,55,0.5,1.56 ,0.92 
2,55,0.5,1.79 ,0.82 
2,55,0.5,2.00 ,0.73 
2,55,0.5,2.23 ,0.63 
2,55,0.5,2.44 ,0.49 
2,55,0.5,2.66 ,0.25 
2,55,0.5,2.77 ,0.08 
2,60,0.5,0.12 ,-0.56 
2,60,0.5,0.28 ,-0.28 
2,60,0.5,0.51 ,-0.34 
2,60,0.5,0.72 ,-0.91 
2,60,0.5,0.90 ,-0.87 
2,60,0.5,1.12 ,0.77 
2,60,0.5,1.23 ,0.92 
2,60,0.5,1.35 ,0.92 
2,60,0.5,1.55 ,0.95 
2,60,0.5,1.78 ,0.86 
2,60,0.5,2.01 ,0.79 
2,60,0.5,2.22 ,0.71 
2,60,0.5,2.44 ,0.59 
2,60,0.5,2.68 ,0.34 
2,60,0.5,2.78 ,0.20 
2,60,0.5,2.90 ,-0.10 
2,60,0.5,3.11 ,-0.91 
2,60,0.5,3.28 ,-0.92 
2,60,0.5,3.51 ,-0.94 
2,60,0.5,3.72 ,-0.97 
2,60,0.5,3.89 ,-0.97 
2,60,0.5,4.10 ,-0.95 
2,60,0.5,4.22 ,-0.94 
2,60,0.5,4.36 ,-0.92 
2,60,0.5,4.55 ,-0.92 
2,60,0.5,4.78 ,-0.91 
2,60,0.5,5.00 ,-0.91 
2,60,0.5,5.23 ,-0.91 
2,60,0.5,5.45 ,-0.90 
2,65,0.5,0.13 ,-0.68 
2,65,0.5,0.29 ,-0.75 
2,65,0.5,0.51 ,-1.33 
2,65,0.5,0.74 ,-1.47 
2,65,0.5,0.90 ,-1.43 
2,65,0.5,1.13 ,0.62 
2,65,0.5,1.24 ,0.83 
2,65,0.5,1.36 ,0.90 
2,65,0.5,1.56 ,0.96 
2,65,0.5,1.79 ,0.93 
2,65,0.5,3.11 ,-1.00 
2,65,0.5,3.28 ,-1.03 
2,65,0.5,3.51 ,-1.04 
2,65,0.5,3.73 ,-1.05 
2,65,0.5,3.90 ,-1.08 
2,65,0.5,4.11 ,-1.05 
2,65,0.5,4.23 ,-1.03 
2,65,0.5,4.34 ,-1.01 
2,65,0.5,4.56 ,-1.00 
2,65,0.5,4.79 ,-1.00 
2,65,0.5,5.01 ,-0.98 
2,65,0.5,5.23 ,-0.98 
2,65,0.5,5.45 ,-0.96 
2,65,0.5,5.67 ,-0.92 
2,65,0.5,5.79 ,-0.92 
2,65,0.5,5.89 ,-0.93 
2,69,0.5,0.13 ,-1.02 
2,69,0.5,0.30 ,-1.33 
2,69,0.5,0.51 ,-1.58 
2,69,0.5,1.13 ,0.53 
2,69,0.5,1.80 ,0.93 
2,69,0.5,2.03 ,0.90 
2,69,0.5,2.25 ,0.85 
2,69,0.5,2.46 ,0.75 
2,69,0.5,2.68 ,0.53 
2,69,0.5,2.80 ,0.38 
2,69,0.5,2.91 ,0.09 
2,69,0.5,3.14 ,-0.85 
2,69,0.5,3.29 ,-0.85 
2,69,0.5,3.52 ,-0.86 
2,69,0.5,3.73 ,-0.88 
2,69,0.5,3.89 ,-0.88 
2,69,0.5,4.11 ,-0.86 
2,69,0.5,4.23 ,-0.86 
2,69,0.5,4.35 ,-0.83 
2,69,0.5,4.57 ,-0.83 
2,69,0.5,4.80 ,-0.83 
2,69,0.5,5.02 ,-0.82 
2,69,0.5,5.23 ,-0.84 
2,69,0.5,5.46 ,-0.82 
2,69,0.5,5.67 ,-0.81 
2,69,0.5,5.79 ,-0.80 
2,69,0.5,5.89 ,-0.84 
2,71,0.5,0.12 ,-1.14 
2,71,0.5,1.12 ,0.52 
2,71,0.5,1.23 ,0.80 
2,71,0.5,2.01 ,0.91 
2,71,0.5,2.24 ,0.87 
2,71,0.5,3.12 ,-1.03 
2,71,0.5,3.28 ,-1.05 
2,71,0.5,3.51 ,-1.05 
2,71,0.5,3.73 ,-1.08 
2,71,0.5,3.89 ,-1.10 
2,71,0.5,4.11 ,-1.06 
2,71,0.5,4.23 ,-1.04 
2,71,0.5,4.34 ,-1.00 
2,71,0.5,4.56 ,-1.00 
2,71,0.5,4.78 ,-0.98 
2,71,0.5,5.01 ,-0.98 
2,71,0.5,5.23 ,-0.99 
2,71,0.5,5.44 ,-0.96 
2,71,0.5,5.68 ,-0.94 
2,71,0.5,5.79 ,-0.92 
2,71,0.5,5.89 ,-0.95 
2,75,0.5,0.29 ,-1.48 
2,75,0.5,0.51 ,-1.56 
2,75,0.5,0.72 ,-1.51 
2,75,0.5,0.90 ,-1.46 
2,75,0.5,1.35 ,0.89 
2,75,0.5,1.57 ,0.99 
2,75,0.5,1.80 ,0.99 
2,75,0.5,2.02 ,0.96 
2,75,0.5,2.80 ,0.37 
2,75,0.5,4.56 ,-1.34 
2,75,0.5,4.78 ,-1.31 
2,75,0.5,5.01 ,-1.32 
2,75,0.5,5.23 ,-1.32 
2,75,0.5,5.45 ,-1.27 
2,75,0.5,5.70 ,-1.25 
2,75,0.5,5.79 ,-1.18 
2,75,0.5,5.89 ,-1.17 
2,90,0.5,0.12 ,-1.41 
2,90,0.5,0.30 ,-1.32 
2,90,0.5,0.52 ,-1.32 
2,90,0.5,0.73 ,-1.30 
2,90,0.5,0.91 ,-1.27 
2,90,0.5,1.13 ,0.23 
2,90,0.5,1.25 ,0.56 
2,90,0.5,1.33 ,0.69 
2,90,0.5,1.58 ,0.87 
2,90,0.5,2.24 ,0.97 
2,90,0.5,2.47 ,0.90 
2,90,0.5,2.69 ,0.75 
2,90,0.5,2.80 ,0.60 
2,90,0.5,2.90 ,0.31 
2,90,0.5,3.13 ,-1.25 
2,90,0.5,3.29 ,-1.26 
2,90,0.5,3.53 ,-1.29 
2,90,0.5,3.73 ,-1.31 
2,90,0.5,3.91 ,-1.34 
2,90,0.5,4.13 ,-1.32 
2,90,0.5,4.36 ,-1.35 
2,90,0.5,4.58 ,-1.34 
2,90,0.5,4.78 ,-1.32 
2,90,0.5,5.01 ,-1.32 
2,90,0.5,5.23 ,-1.36 
2,90,0.5,5.45 ,-1.39 
2,90,0.5,5.69 ,-1.43 
2,90,0.5,5.91 ,-1.37 
3,0,0.5,0.04 ,0.41 
3,0,0.5,0.12 ,0.71 
3,0,0.5,0.21 ,0.86 
3,0,0.5,0.29 ,0.94 
3,0,0.5,0.38 ,0.98 
3,0,0.5,0.46 ,1.00 
3,0,0.5,0.54 ,1.00 
3,0,0.5,0.63 ,0.99 
3,0,0.5,0.71 ,0.95 
3,0,0.5,0.80 ,0.88 
3,0,0.5,0.88 ,0.74 
3,0,0.5,1.04 ,-0.95 
3,0,0.5,1.13 ,-0.95 
3,0,0.5,1.21 ,-0.95 
3,0,0.5,1.29 ,-0.93 
3,0,0.5,1.37 ,-0.94 
3,0,0.5,1.54 ,-0.96 
3,0,0.5,1.71 ,-0.98 
3,0,0.5,1.88 ,-1.00 
3,0,0.5,2.04 ,-1.01 
3,0,0.5,2.21 ,-0.99 
3,0,0.5,2.38 ,-1.04 
3,0,0.5,2.54 ,-1.04 
3,0,0.5,2.63 ,-1.03 
3,0,0.5,2.71 ,-1.01 
3,0,0.5,2.79 ,-0.99 
3,0,0.5,2.88 ,-0.97 
3,0,0.5,2.96 ,-0.93 
3,0,0.5,3.04 ,-0.87 
3,0,0.5,3.13 ,-0.82 
3,0,0.5,3.21 ,-0.75 
3,0,0.5,3.29 ,-0.68 
3,0,0.5,3.38 ,-0.61 
3,0,0.5,3.46 ,-0.56 
3,0,0.5,3.54 ,-0.48 
3,0,0.5,3.71 ,-0.36 
3,0,0.5,3.79 ,-0.32 
3,0,0.5,3.88 ,-0.27 
3,0,0.5,3.96 ,-0.27 
3,0,0.5,4.04 ,-0.35 
3,0,0.5,4.13 ,-0.37 
3,0,0.5,4.21 ,-0.36 
3,0,0.5,4.29 ,-0.35 
3,0,0.5,4.38 ,-0.33 
3,0,0.5,4.46 ,-0.32 
3,0,0.5,4.54 ,-0.31 
3,0,0.5,4.63 ,-0.34 
3,0,0.5,4.71 ,-0.35 
3,0,0.5,4.79 ,-0.36 
3,0,0.5,4.88 ,-0.38 
3,0,0.5,4.96 ,-0.36 
3,0,0.5,0.04 ,0.37 
3,0,0.5,0.12 ,0.72 
3,0,0.5,0.21 ,0.83 
3,0,0.5,0.29 ,0.90 
3,0,0.5,0.38 ,0.95 
3,0,0.5,0.46 ,0.97 
3,0,0.5,0.54 ,0.97 
3,0,0.5,0.63 ,0.96 
3,0,0.5,0.71 ,0.91 
3,0,0.5,0.80 ,0.85 
3,0,0.5,0.88 ,0.72 
3,0,0.5,0.96 ,0.27 
3,0,0.5,1.04 ,-1.04 
3,0,0.5,1.12 ,-1.04 
3,0,0.5,1.21 ,-1.05 
3,0,0.5,1.29 ,-1.06 
3,0,0.5,1.37 ,-1.03 
3,0,0.5,1.54 ,-1.04 
3,0,0.5,1.71 ,-1.08 
3,0,0.5,1.87 ,-1.10 
3,0,0.5,2.04 ,-1.13 
3,0,0.5,2.21 ,-1.13 
3,0,0.5,2.38 ,-1.09 
3,0,0.5,2.54 ,-1.15 
3,0,0.5,2.71 ,-1.14 
3,0,0.5,2.79 ,-1.12 
3,0,0.5,2.88 ,-1.09 
3,0,0.5,2.96 ,-1.05 
3,0,0.5,3.04 ,-1.00 
3,0,0.5,3.13 ,-0.93 
3,0,0.5,3.21 ,-0.83 
3,0,0.5,3.29 ,-0.74 
3,0,0.5,3.38 ,-0.63 
3,0,0.5,3.54 ,-0.47 
3,0,0.5,3.63 ,-0.40 
3,0,0.5,3.71 ,-0.33 
3,0,0.5,3.79 ,-0.29 
3,0,0.5,3.88 ,-0.26 
3,0,0.5,3.96 ,-0.30 
3,0,0.5,4.04 ,-0.43 
3,0,0.5,4.13 ,-0.43 
3,0,0.5,4.21 ,-0.42 
3,0,0.5,4.29 ,-0.37 
3,0,0.5,4.38 ,-0.37 
3,0,0.5,4.46 ,-0.37 
3,0,0.5,4.54 ,-0.38 
3,0,0.5,4.63 ,-0.35 
3,0,0.5,4.71 ,-0.37 
3,0,0.5,4.79 ,-0.37 
3,0,0.5,4.88 ,-0.38 
3,0,0.5,4.96 ,-0.42 
3,0,0.5,1.04 ,-1.10 
3,0,0.5,1.12 ,-1.11 
3,0,0.5,1.21 ,-1.12 
3,0,0.5,1.29 ,-1.14 
3,0,0.5,1.37 ,-1.09 
3,0,0.5,1.54 ,-1.10 
3,0,0.5,1.71 ,-1.14 
3,0,0.5,1.87 ,-1.18 
3,0,0.5,2.04 ,-1.19 
3,0,0.5,2.21 ,-1.13 
3,0,0.5,2.38 ,-1.01 
3,0,0.5,2.54 ,-1.01 
3,0,0.5,2.71 ,-0.91 
3,0,0.5,2.79 ,-0.83 
3,0,0.5,2.88 ,-0.78 
3,0,0.5,2.96 ,-0.73 
3,0,0.5,3.04 ,-0.68 
3,0,0.5,3.13 ,-0.65 
3,0,0.5,3.21 ,-0.56 
3,0,0.5,3.29 ,-0.50 
3,0,0.5,3.38 ,-0.50 
3,0,0.5,3.46 ,-0.50 
3,0,0.5,3.54 ,-0.44 
3,0,0.5,3.63 ,-0.45 
3,0,0.5,3.71 ,-0.42 
3,0,0.5,3.79 ,-0.40 
3,0,0.5,3.88 ,-0.40 
3,0,0.5,3.96 ,-0.42 
3,0,0.5,1.04 ,-1.04 
3,0,0.5,1.12 ,-1.04 
3,0,0.5,1.21 ,-1.05 
3,0,0.5,1.29 ,-1.06 
3,0,0.5,1.37 ,-1.03 
3,0,0.5,1.54 ,-1.04 
3,0,0.5,1.71 ,-1.08 
3,0,0.5,1.87 ,-1.10 
3,0,0.5,2.04 ,-1.13 
3,0,0.5,2.21 ,-1.13 
3,0,0.5,2.38 ,-1.09 
3,0,0.5,2.54 ,-1.15 
3,0,0.5,2.71 ,-1.14 
3,0,0.5,2.79 ,-1.12 
3,0,0.5,2.88 ,-1.09 
3,0,0.5,2.96 ,-1.05 
3,0,0.5,3.04 ,-1.00 
3,0,0.5,3.13 ,-0.93 
3,0,0.5,3.21 ,-0.83 
3,0,0.5,3.30 ,-0.74 
3,0,0.5,3.38 ,-0.63 
3,0,0.5,3.54 ,-0.47 
3,0,0.5,3.63 ,-0.40 
3,0,0.5,3.71 ,-0.33 
3,0,0.5,3.80 ,-0.29 
3,0,0.5,3.88 ,-0.26 
3,0,0.5,3.96 ,-0.30 
3,90,0.5,0.12 ,0.36 
3,90,0.5,0.36 ,0.67 
3,90,0.5,0.62 ,0.82 
3,90,0.5,0.90 ,0.91 
3,90,0.5,1.20 ,0.97 
3,90,0.5,1.53 ,0.99 
3,90,0.5,1.83 ,0.97 
3,90,0.5,2.11 ,0.92 
3,90,0.5,2.38 ,0.85 
3,90,0.5,2.63 ,0.67 
3,90,0.5,2.87 ,0.34 
3,90,0.5,3.13 ,-1.51 
3,90,0.5,3.50 ,-1.47 
3,90,0.5,3.88 ,-1.43 
3,90,0.5,4.12 ,-1.52 
3,90,0.5,4.38 ,-1.49 
3,90,0.5,4.59 ,-1.50 
3,90,0.5,4.86 ,-1.51 
3,90,0.5,5.12 ,-1.47 
3,90,0.5,5.37 ,-1.46 
3,90,0.5,5.62 ,-1.44 
3,90,0.5,5.87 ,-1.43 
3,90,0.5,6.15 ,-1.45 
3,90,0.5,6.37 ,-1.52 
3,90,0.5,6.63 ,-1.48 
3,90,0.5,6.84 ,-1.49 
3,90,0.5,7.13 ,-1.45 
3,90,0.5,7.51 ,-1.46 
3,90,0.5,7.88 ,-1.51 
4,0,0.2,1.24 ,-0.81 
4,0,0.2,1.47 ,-0.83 
4,0,0.2,1.73 ,-0.84 
4,0,0.2,1.99 ,-0.85 
4,0,0.2,2.23 ,-0.88 
4,0,0.2,2.51 ,-0.88 
4,0,0.2,2.74 ,-0.86 
4,0,0.2,3.03 ,-0.79 
4,0,0.2,3.28 ,-0.68 
4,0,0.2,3.48 ,-0.60 
4,0,0.2,3.76 ,-0.46 
4,0,0.2,4.02 ,-0.36 
4,0,0.2,4.26 ,-0.27 
4,0,0.2,4.53 ,-0.21 
4,0,0.2,4.76 ,-0.19 
4,2,0.2,1.24 ,-0.80 
4,2,0.2,1.47 ,-0.82 
4,2,0.2,1.73 ,-0.83 
4,2,0.2,1.99 ,-0.84 
4,2,0.2,2.23 ,-0.86 
4,2,0.2,2.51 ,-0.79 
4,2,0.2,2.74 ,-0.70 
4,2,0.2,3.03 ,-0.54 
4,2,0.2,3.28 ,-0.38 
4,2,0.2,3.48 ,-0.30 
4,2,0.2,3.76 ,-0.20 
4,2,0.2,4.02 ,-0.15 
4,2,0.2,4.26 ,-0.13 
4,2,0.2,4.53 ,-0.13 
4,2,0.2,4.76 ,-0.17 
4,2,0.2,9.76 ,-0.35 
4,2,0.2,9.53 ,-0.43 
4,2,0.2,9.27 ,-0.53 
4,2,0.2,9.01 ,-0.61 
4,2,0.2,8.77 ,-0.72 
4,2,0.2,8.49 ,-0.79 
4,2,0.2,8.26 ,-0.82 
4,2,0.2,7.97 ,-0.88 
4,2,0.2,7.72 ,-0.87 
4,2,0.2,7.52 ,-0.86 
4,2,0.2,7.24 ,-0.85 
4,2,0.2,6.98 ,-0.83 
4,2,0.2,6.74 ,-0.82 
4,2,0.2,6.47 ,-0.81 
4,2,0.2,6.24 ,-0.80 
4,4,0.2,1.24 ,-0.75 
4,4,0.2,1.47 ,-0.76 
4,4,0.2,1.73 ,-0.78 
4,4,0.2,1.99 ,-0.80 
4,4,0.2,2.23 ,-0.74 
4,4,0.2,2.51 ,-0.52 
4,4,0.2,2.74 ,-0.36 
4,4,0.2,3.03 ,-0.20 
4,4,0.2,3.28 ,-0.12 
4,4,0.2,3.48 ,-0.08 
4,4,0.2,3.76 ,-0.07 
4,4,0.2,4.02 ,-0.10 
4,4,0.2,4.26 ,-0.13 
4,4,0.2,4.53 ,-0.16 
4,4,0.2,4.76 ,-0.23 
4,4,0.2,9.76 ,-0.80 
4,4,0.2,9.53 ,-0.81 
4,4,0.2,9.27 ,-0.81 
4,4,0.2,9.01 ,-0.81 
4,4,0.2,8.77 ,-0.82 
4,4,0.2,8.49 ,-0.83 
4,4,0.2,8.26 ,-0.84 
4,4,0.2,7.97 ,-0.86 
4,4,0.2,7.72 ,-0.85 
4,4,0.2,7.52 ,-0.86 
4,4,0.2,7.24 ,-0.86 
4,4,0.2,6.98 ,-0.81 
4,4,0.2,6.74 ,-0.77 
4,4,0.2,6.47 ,-0.69 
4,4,0.2,6.24 ,-0.60 
4,6,0.2,1.24 ,-0.71 
4,6,0.2,1.47 ,-0.72 
4,6,0.2,1.73 ,-0.75 
4,6,0.2,1.99 ,-0.74 
4,6,0.2,2.23 ,-0.61 
4,6,0.2,2.51 ,-0.35 
4,6,0.2,2.74 ,-0.19 
4,6,0.2,3.03 ,-0.09 
4,6,0.2,3.28 ,-0.06 
4,6,0.2,3.48 ,-0.06 
4,6,0.2,3.76 ,-0.08 
4,6,0.2,4.02 ,-0.13 
4,6,0.2,4.26 ,-0.17 
4,6,0.2,4.53 ,-0.21 
4,6,0.2,4.76 ,-0.29 
4,6,0.2,9.76 ,-0.73 
4,6,0.2,9.53 ,-0.73 
4,6,0.2,9.27 ,-0.74 
4,6,0.2,9.01 ,-0.75 
4,6,0.2,8.77 ,-0.76 
4,6,0.2,8.49 ,-0.75 
4,6,0.2,8.26 ,-0.76 
4,6,0.2,7.97 ,-0.77 
4,6,0.2,7.72 ,-0.78 
4,6,0.2,7.52 ,-0.80 
4,6,0.2,7.24 ,-0.80 
4,6,0.2,6.98 ,-0.78 
4,6,0.2,6.74 ,-0.77 
4,6,0.2,6.47 ,-0.73 
4,6,0.2,6.24 ,-0.73 
4,2,0.3,1.24 ,-0.75
4,2,0.3,1.47 ,-0.76
4,2,0.3,1.73 ,-0.78
4,2,0.3,1.99 ,-0.8
4,2,0.3,2.23 ,-0.8
4,2,0.3,2.51 ,-0.71
4,2,0.3,2.74 ,-0.62
4,2,0.3,3.03 ,-0.46
4,2,0.3,3.28 ,-0.32
4,2,0.3,3.48 ,-0.24
4,2,0.3,3.76 ,-0.16
4,2,0.3,4.02 ,-0.13
4,2,0.3,4.26 ,-0.13
4,2,0.3,4.53 ,-0.14
4,2,0.3,4.76 ,-0.18
4,2,0.3,9.76 ,-0.82
4,2,0.3,9.53 ,-0.83
4,2,0.3,9.27 ,-0.83
4,2,0.3,9.01 ,-0.84
4,2,0.3,8.77 ,-0.86
4,2,0.3,8.49 ,-0.87
4,2,0.3,8.26 ,-0.88
4,2,0.3,7.97 ,-0.89
4,2,0.3,7.72 ,-0.86
4,2,0.3,7.52 ,-0.84
4,2,0.3,7.24 ,-0.78
4,2,0.3,6.98 ,-0.68
4,2,0.3,6.74 ,-0.61
4,2,0.3,6.47 ,-0.5
4,2,0.3,6.24 ,-0.41
4,2,0.3,1.24 ,-0.81
4,2,0.3,1.47 ,-0.82
4,2,0.3,1.73 ,-0.83
4,2,0.3,1.99 ,-0.85
4,2,0.3,2.23 ,-0.87
4,2,0.3,2.51 ,-0.8
4,2,0.3,2.74 ,-0.69
4,2,0.3,3.03 ,-0.51
4,2,0.3,3.28 ,-0.35
4,2,0.3,3.48 ,-0.26
4,2,0.3,3.76 ,-0.18
4,2,0.3,4.02 ,-0.15
4,2,0.3,4.26 ,-0.14
4,2,0.3,4.53 ,-0.15
4,2,0.3,4.76 ,-0.19
4,2,0.3,9.76 ,-0.81
4,2,0.3,9.53 ,-0.82
4,2,0.3,9.27 ,-0.82
4,2,0.3,9.01 ,-0.83
4,2,0.3,8.77 ,-0.85
4,2,0.3,8.49 ,-0.86
4,2,0.3,8.26 ,-0.87
4,2,0.3,7.97 ,-0.88
4,2,0.3,7.72 ,-0.84
4,2,0.3,7.52 ,-0.81
4,2,0.3,7.24 ,-0.75
4,2,0.3,6.98 ,-0.64
4,2,0.3,6.74 ,-0.57
4,2,0.3,6.47 ,-0.48
4,2,0.3,6.24 ,-0.39
4,2,0.3,1.24 ,-0.72
4,2,0.3,1.47 ,-0.74
4,2,0.3,1.73 ,-0.75
4,2,0.3,1.99 ,-0.77
4,2,0.3,2.23 ,-0.77
4,2,0.3,2.51 ,-0.7
4,2,0.3,2.74 ,-0.61
4,2,0.3,3.03 ,-0.46
4,2,0.3,3.28 ,-0.31
4,2,0.3,3.48 ,-0.23
4,2,0.3,3.76 ,-0.14
4,2,0.3,4.02 ,-0.11
4,2,0.3,4.26 ,-0.1
4,2,0.3,4.53 ,-0.11
4,2,0.3,4.76 ,-0.15
4,2,0.3,9.76 ,-0.86
4,2,0.3,9.53 ,-0.86
4,2,0.3,9.27 ,-0.87
4,2,0.3,9.01 ,-0.89
4,2,0.3,8.77 ,-0.9
4,2,0.3,8.49 ,-0.91
4,2,0.3,8.26 ,-0.92
4,2,0.3,7.97 ,-0.94
4,2,0.3,7.72 ,-0.91
4,2,0.3,7.52 ,-0.9
4,2,0.3,7.24 ,-0.85
4,2,0.3,6.98 ,-0.72
4,2,0.3,6.74 ,-0.63
4,2,0.3,6.47 ,-0.51
4,2,0.3,6.24 ,-0.39
