0,000001.SZ,20180928,11.05,1.229,1.89,8.182,7.9032,0.9114,1.7936,1.4299,761029.0923,18973122.6842
1,000001.SZ,20180927,10.74,0.5127,0.74,7.9525,7.6815,0.8858,1.7432,1.4711,761029.0923,18440845.0342
2,000001.SZ,20180926,10.71,0.8681,1.34,7.9303,7.6601,0.8833,1.7384,1.4753,761029.0923,18389334.2939
3,000001.SZ,20180925,10.55,0.569,0.95,7.8118,7.5456,0.8701,1.7124,1.4976,761029.0923,18114610.3455
4,000001.SZ,20180921,10.67,0.9461,1.97,7.9007,7.6315,0.88,1.7319,1.4808,761029.0923,18320653.3068
5,000001.SZ,20180920,10.23,0.3613,0.69,7.5749,7.3168,0.8437,1.6605,1.5445,761029.0923,17565162.4488
6,000001.SZ,20180919,10.24,0.7173,1.61,7.5823,7.3239,0.8445,1.6621,1.543,761029.0923,17582332.6956
7,000001.SZ,20180918,10.08,0.6563,1.65,7.4638,7.2095,0.8314,1.6361,1.5675,761029.0923,17307608.7472
8,000001.SZ,20180917,9.69,0.3012,0.73,7.175,6.9305,0.7992,1.5728,1.6305,761029.0923,16637969.123
9,000001.SZ,20180914,9.84,0.3609,0.83,7.2861,7.0378,0.8116,1.5972,1.6057,761029.0923,16895522.8246
10,000001.SZ,20180913,9.96,0.5822,1.45,7.3749,7.1236,0.8215,1.6166,1.5863,761029.0923,17101565.7859
11,000001.SZ,20180912,9.88,0.329,0.7,7.3157,7.0664,0.8149,1.6036,1.5992,761029.0923,16964203.8117
12,000001.SZ,20180911,9.91,0.4152,0.77,7.3379,7.0879,0.8173,1.6085,1.5943,761029.0923,17015714.552
13,000001.SZ,20180910,9.88,0.371,0.68,7.3157,7.0664,0.8149,1.6036,1.5992,761029.0923,16964203.8117
14,000001.SZ,20180907,10.01,0.4712,0.78,7.412,7.1594,0.8256,1.6248,1.5784,761029.0923,17187417.0198
15,000001.SZ,20180906,9.97,0.4145,0.65,7.3823,7.1308,0.8223,1.6183,1.5848,761029.0923,17118736.0327
16,000001.SZ,20180905,10.05,0.6869,1.13,7.4416,7.188,0.8289,1.6312,1.5721,761029.0923,17256098.0069
17,000001.SZ,20180904,10.43,0.755,1.24,7.7229,7.4598,0.8602,1.6929,1.5149,761029.0923,17908567.3842
18,000001.SZ,20180903,10.19,0.4145,0.53,7.5452,7.2881,0.8404,1.654,1.5505,761029.0923,17496481.4617
19,000001.SZ,20180831,10.13,0.7635,0.78,7.5008,7.2452,0.8355,1.6442,1.5597,761029.0923,17393459.981
20,000001.SZ,20180830,10.12,0.5794,0.61,7.4934,7.2381,0.8347,1.6426,1.5613,761029.0923,17376289.7343
21,000001.SZ,20180829,10.27,0.5253,0.55,7.6045,7.3454,0.847,1.667,1.5385,761029.0923,17633843.4359
22,000001.SZ,20180828,10.29,0.7512,0.78,7.6193,7.3597,0.8487,1.6702,1.5355,761029.0923,17668183.9294
23,000001.SZ,20180827,10.43,1.292,1.66,7.7229,7.4598,0.8602,1.6929,1.5149,761029.0923,17908567.3842
24,000001.SZ,20180824,10.03,1.7707,3.53,7.4268,7.1737,0.8272,1.628,1.5753,761029.0923,17221757.5133
25,000001.SZ,20180823,9.36,0.4246,0.86,6.9307,6.6945,0.772,1.5192,1.688,761029.0923,16071350.9795
26,000001.SZ,20180822,9.29,0.5722,1.26,6.8788,6.6444,0.7662,1.5079,1.7008,761029.0923,15951159.2521
27,000001.SZ,20180821,9.23,0.7364,2.06,6.8344,6.6015,0.7612,1.4981,1.7118,761029.0923,15848137.7715
28,000001.SZ,20180820,9.0,0.3968,1.06,6.6641,6.437,0.7423,1.4608,1.7556,761029.0923,15453222.0957
29,000001.SZ,20180817,8.81,0.3783,1.09,6.5234,6.3011,0.7266,1.43,1.7934,761029.0923,15126987.407
30,000001.SZ,20180816,8.78,0.3717,1.01,6.5012,6.2797,0.7241,1.4251,1.7995,761029.0923,15075476.6667
31,000001.SZ,20180815,8.79,0.3905,1.1,6.5086,6.4034,0.7505,1.4267,1.7975,761029.0923,15092646.9135
32,000001.SZ,20180814,9.0,0.2506,0.65,6.6641,6.5564,0.7684,1.4608,1.7556,761029.0923,15453222.0957
33,000001.SZ,20180813,9.05,0.4767,1.34,6.7011,6.5928,0.7727,1.4689,1.7459,761029.0923,15539073.3296
34,000001.SZ,20180810,9.23,0.247,0.68,6.8344,6.7239,0.7881,1.4981,1.7118,761029.0923,15848137.7715
35,000001.SZ,20180809,9.29,0.4699,1.25,6.8788,6.7676,0.7932,1.5079,1.7008,761029.0923,15951159.2521
36,000001.SZ,20180808,9.05,0.3372,0.84,6.7011,6.5928,0.7727,1.4689,1.7459,761029.0923,15539073.3296
37,000001.SZ,20180807,9.17,0.4021,0.99,6.79,6.6802,0.7829,1.4884,1.723,761029.0923,15745116.2908
38,000001.SZ,20180806,8.94,0.3227,0.76,6.6197,6.5127,0.7633,1.4511,1.7673,761029.0923,15350200.6151
39,000001.SZ,20180803,8.91,0.2775,0.65,6.5975,6.4908,0.7607,1.4462,1.7733,761029.0923,15298689.8747
40,000001.SZ,20180802,8.94,0.5425,1.3,6.6197,6.5127,0.7633,1.4511,1.7673,761029.0923,15350200.6151
41,000001.SZ,20180801,9.15,0.4741,1.2,6.7752,6.6656,0.7812,1.4852,1.7268,761029.0923,15710775.7973
42,000001.SZ,20180731,9.42,0.4194,0.88,6.9751,6.8623,0.8043,1.529,1.6773,761029.0923,16174372.4602
43,000001.SZ,20180730,9.39,0.4114,0.68,6.9529,6.8405,0.8017,1.5241,1.6826,761029.0923,16122861.7198
44,000001.SZ,20180727,9.25,0.3,0.4,6.8492,6.7385,0.7898,1.5014,1.7081,761029.0923,15882478.265
45,000001.SZ,20180726,9.25,0.4854,0.69,6.8492,6.7385,0.7898,1.5014,1.7081,761029.0923,15882478.265
46,000001.SZ,20180725,9.38,0.3577,0.52,6.9455,6.8332,0.8009,1.5225,1.6844,761029.0923,16105691.4731
47,000001.SZ,20180724,9.4,0.8304,1.46,6.9603,6.8478,0.8026,1.5257,1.6809,761029.0923,16140031.9666
48,000001.SZ,20180723,9.42,1.0377,2.34,6.9751,6.8623,0.8043,1.529,1.6773,761029.0923,16174372.4602
49,000001.SZ,20180720,9.11,1.0217,3.3,6.7455,6.6365,0.7778,1.4787,1.7344,761029.0923,15642094.8102
50,000001.SZ,20180719,8.73,0.2687,0.69,6.4642,6.3597,0.7454,1.417,1.8099,761029.0923,14989625.4328
51,000001.SZ,20180718,8.7,0.3059,0.72,6.442,6.3378,0.7428,1.4121,1.8161,761029.0923,14938114.6925
52,000001.SZ,20180717,8.72,0.2186,0.45,6.4568,6.3524,0.7445,1.4154,1.8119,761029.0923,14972455.1861
53,000001.SZ,20180716,8.73,0.4018,0.7,6.4642,6.3597,0.7454,1.417,1.8099,761029.0923,14989625.4328
54,000001.SZ,20180713,8.88,0.3514,0.57,6.5752,6.469,0.7582,1.4413,1.7793,761029.0923,15247179.1344
55,000001.SZ,20180712,8.88,0.6642,1.14,6.5752,6.469,0.7582,1.4413,1.7793,761029.0923,15247179.1344
56,000001.SZ,20180711,8.78,0.4958,0.88,6.5012,6.3961,0.741,1.4251,1.7995,761029.0923,15075476.6667
57,000001.SZ,20180710,8.98,0.5223,0.86,6.6493,6.5418,0.7579,1.4576,1.7595,761029.0923,15418881.6022
58,000001.SZ,20180709,9.03,0.8212,1.38,6.6863,6.5782,0.7621,1.4657,1.7497,761029.0923,15504732.836
59,000001.SZ,20180706,8.66,0.5756,1.03,6.4123,6.3087,0.7309,1.4056,1.8245,761029.0923,14869433.7054
60,000001.SZ,20180705,8.6,0.4868,0.82,6.3679,6.265,0.7259,1.3959,1.8372,761029.0923,14766412.2248
61,000001.SZ,20180704,8.61,0.4142,0.66,6.3753,6.2723,0.7267,1.3975,1.8351,761029.0923,14783582.4716
62,000001.SZ,20180703,8.67,0.7425,1.21,6.4197,6.316,0.7318,1.4073,1.8224,761029.0923,14886603.9522
63,000001.SZ,20180702,8.61,0.7662,1.28,6.3753,6.2723,0.7267,1.3975,1.8351,761029.0923,14783582.4716
64,000001.SZ,20180629,9.09,0.3933,0.66,6.7307,6.6219,0.7672,1.4754,1.7382,761029.0923,15607754.3167
65,000001.SZ,20180628,8.92,0.6469,1.14,6.6049,6.4981,0.7529,1.4478,1.7713,761029.0923,15315860.1215
66,000001.SZ,20180627,9.09,0.6087,1.14,6.7307,6.6219,0.7672,1.4754,1.7382,761029.0923,15607754.3167
67,000001.SZ,20180626,9.36,0.6547,1.12,6.9307,6.8186,0.79,1.5192,1.688,761029.0923,16071350.9795
68,000001.SZ,20180625,9.46,0.6961,1.18,7.0047,6.8915,0.7984,1.5355,1.6702,761029.0923,16243053.4473
69,000001.SZ,20180622,9.85,0.3831,0.62,7.2935,7.1756,0.8314,1.5988,1.6041,761029.0923,16912693.0714
70,000001.SZ,20180621,9.86,0.4893,0.84,7.3009,7.1829,0.8322,1.6004,1.6024,761029.0923,16929863.3182
71,000001.SZ,20180620,9.91,0.4447,0.75,7.3379,7.2193,0.8364,1.6085,1.5943,761029.0923,17015714.552
72,000001.SZ,20180619,9.87,0.912,1.83,7.3083,7.1902,0.833,1.602,1.6008,761029.0923,16947033.565
73,000001.SZ,20180615,10.17,0.7273,1.51,7.5304,7.4087,0.8584,1.6507,1.5536,761029.0923,17462140.9681
74,000001.SZ,20180614,10.07,0.5046,0.96,7.4564,7.3359,0.8499,1.6345,1.569,761029.0923,17290438.5004
75,000001.SZ,20180613,9.95,0.309,0.56,7.3675,7.2484,0.8398,1.615,1.5879,761029.0923,17084395.5391
76,000001.SZ,20180612,10.06,0.5319,1.03,7.449,7.3286,0.8491,1.6329,1.5706,761029.0923,17273268.2536
77,000001.SZ,20180611,10.04,0.4201,0.83,7.4342,7.314,0.8474,1.6296,1.5737,761029.0923,17238927.7601
78,000001.SZ,20180608,10.12,0.6403,1.44,7.4934,7.3723,0.8541,1.6426,1.5613,761029.0923,17376289.7343
79,000001.SZ,20180607,10.37,0.7354,1.78,7.6785,7.5544,0.8752,1.6832,1.5236,761029.0923,17805545.9036
80,000001.SZ,20180606,10.14,0.4151,0.9,7.5082,7.3868,0.8558,1.6459,1.5582,761029.0923,17410630.2278
81,000001.SZ,20180605,10.26,0.3824,0.78,7.5971,7.4743,0.866,1.6653,1.54,761029.0923,17616673.1891
82,000001.SZ,20180604,10.27,0.3454,0.71,7.6045,7.4815,0.8668,1.667,1.5385,761029.0923,17633843.4359
83,000001.SZ,20180601,10.19,0.3478,0.72,7.5452,7.4233,0.86,1.654,1.5505,761029.0923,17496481.4617
84,000001.SZ,20180531,10.18,0.575,1.28,7.5378,7.416,0.8592,1.6523,1.5521,761029.0923,17479311.2149
85,000001.SZ,20180530,10.08,0.6549,1.51,7.4638,7.3431,0.8508,1.6361,1.5675,761029.0923,17307608.7472
86,000001.SZ,20180529,10.38,0.518,1.3,7.6859,7.5617,0.8761,1.6848,1.5222,761029.0923,17822716.1504
87,000001.SZ,20180528,10.59,0.3316,0.79,7.8414,7.7147,0.8938,1.7189,1.492,761029.0923,18183291.3326
88,000001.SZ,20180525,10.59,0.3456,0.82,7.8414,7.7147,0.8938,1.7189,1.492,761029.0923,18183291.3326
89,000001.SZ,20180524,10.61,0.4008,0.98,7.8562,7.7292,0.8955,1.7221,1.4892,761029.0923,18217631.8262
90,000001.SZ,20180523,10.65,0.5772,1.53,7.8858,7.7584,0.8989,1.7286,1.4836,761029.0923,18286312.8132
91,000001.SZ,20180522,10.86,0.3435,0.89,8.0413,7.9114,0.9166,1.7627,1.4549,761029.0923,18646887.9955
92,000001.SZ,20180521,10.95,0.4447,1.06,8.108,7.9769,0.9242,1.7773,1.4429,761029.0923,18801420.2164
93,000001.SZ,20180518,10.96,0.3419,0.76,8.1154,7.9842,0.925,1.7789,1.4416,761029.0923,18542126.6738
94,000001.SZ,20180517,10.82,0.3467,0.78,8.0117,7.8822,0.9132,1.7562,1.4603,761028.1784,18305258.0085
95,000001.SZ,20180516,10.9,0.4223,0.98,8.071,7.9405,0.92,1.7692,1.4495,761028.1784,18440601.8755
96,000001.SZ,20180515,11.12,0.3956,0.77,8.2339,8.1008,0.9385,1.8049,1.4209,761028.1784,18812797.5097
97,000001.SZ,20180514,11.18,0.6143,1.21,8.2783,8.1445,0.9436,1.8147,1.4132,761028.1784,18914305.4099
98,000001.SZ,20180511,11.01,0.4565,0.91,8.1524,8.0206,0.9293,1.7871,1.4351,761028.1784,18626699.6926
99,000001.SZ,20180510,11.01,0.3267,0.56,8.1524,8.0206,0.9293,1.7871,1.4351,761028.1784,18626699.6926
100,000001.SZ,20180509,10.97,0.371,0.57,8.1228,7.9915,0.9259,1.7806,1.4403,761028.1784,18559027.7591
101,000001.SZ,20180508,11.01,0.8117,1.0,8.1524,8.0206,0.9293,1.7871,1.4351,761028.1784,18626699.6926
102,000001.SZ,20180507,10.81,0.5759,0.72,8.0043,7.8749,0.9124,1.7546,1.4616,761028.1784,18288340.0251
103,000001.SZ,20180504,10.68,0.42,0.52,7.9081,7.7802,0.9014,1.7335,1.4794,761028.1784,18068406.2413
104,000001.SZ,20180503,10.75,0.7574,0.92,7.9599,7.8312,0.9073,1.7449,1.4698,761028.1784,18186832.1249
105,000001.SZ,20180502,10.88,0.7037,0.87,8.0562,7.9259,0.9183,1.766,1.4522,761028.1784,18406765.9087
106,000001.SZ,20180427,10.85,1.6017,2.66,8.0339,7.9041,0.9158,1.7611,1.4562,761028.1784,18356011.9586
107,000001.SZ,20180426,11.42,0.5167,0.86,8.456,8.3193,0.9639,1.8536,1.3835,761028.1784,19320337.0108
108,000001.SZ,20180425,11.68,0.4317,0.63,8.6485,8.5087,0.9858,1.8958,1.3527,761028.1784,19760204.5785
109,000001.SZ,20180424,11.86,0.8636,1.29,8.7818,8.6398,1.001,1.925,1.3322,761028.1784,20064728.2792
110,000001.SZ,20180423,11.57,0.6326,0.89,8.5671,8.4286,0.9765,1.878,1.3656,761028.1784,19574106.7614
111,000001.SZ,20180420,11.35,0.5667,0.75,8.4042,8.2683,0.958,1.8422,1.3921,761028.1784,19201911.1272
112,000001.SZ,20180419,11.47,0.5019,0.64,8.493,8.493,0.9745,1.8617,1.3775,761028.1784,19404926.9277
113,000001.SZ,20180418,11.5,0.8724,1.01,8.5152,8.5152,0.977,1.8666,1.3739,761028.1784,19455680.8778
114,000001.SZ,20180417,11.21,0.7695,0.88,8.3005,8.3005,0.9524,1.8195,1.4095,761028.1784,18965059.36
115,000001.SZ,20180416,11.1,0.8435,1.01,8.2191,8.2191,0.9431,1.8017,1.4234,761028.1784,18778961.5429
116,000001.SZ,20180413,11.57,0.7686,0.89,8.5671,8.5671,0.983,1.878,1.3656,761028.1784,19574106.7614
117,000001.SZ,20180412,11.52,0.6934,0.83,8.53,8.53,0.9787,1.8698,1.3715,761028.1784,19489516.8445
118,000001.SZ,20180411,11.83,1.2389,1.73,8.7596,8.7596,1.0051,1.9202,1.3356,761028.1784,20013974.3291
119,000001.SZ,20180410,11.42,0.8222,1.28,8.456,8.456,0.9702,1.8536,1.3835,761028.1784,19320337.0108
120,000001.SZ,20180409,11.02,0.6353,0.95,8.1598,8.1598,0.9363,1.7887,1.4338,761028.1784,18643617.6759
121,000001.SZ,20180404,10.87,0.9472,1.55,8.0487,8.0487,0.9235,1.7643,1.4535,761028.1784,18389847.9254
122,000001.SZ,20180403,10.56,0.5265,0.83,7.8192,7.8192,0.8972,1.714,1.4962,761028.1784,17865390.4408
123,000001.SZ,20180402,10.71,0.6557,0.98,7.9303,7.9303,0.9099,1.7384,1.4753,761028.1784,18119160.1914
124,000001.SZ,20180330,10.9,0.4446,0.56,8.071,8.071,0.9261,1.7692,1.4495,761028.1784,18440601.8755
125,000001.SZ,20180329,11.05,0.7865,1.04,8.182,8.182,0.9388,1.7936,1.4299,761028.1784,18694371.6261
126,000001.SZ,20180328,10.89,0.6496,0.81,8.0636,8.0636,0.9252,1.7676,1.4509,761028.1784,18423683.8921
127,000001.SZ,20180327,10.94,0.6525,0.86,8.1006,8.1006,0.9295,1.7757,1.4442,761028.1784,18508273.809
128,000001.SZ,20180326,10.93,0.8178,1.18,8.0932,8.0932,0.9286,1.7741,1.4456,761028.1784,18491355.8256
129,000001.SZ,20180323,11.34,1.0791,1.83,8.3968,8.3968,0.9634,1.8406,1.3933,761028.1784,19184993.1438
130,000001.SZ,20180322,11.66,0.5818,0.96,8.6337,8.6337,0.9906,1.8926,1.3551,761028.1784,19726368.6118
131,000001.SZ,20180321,11.9,0.8542,1.67,8.8114,8.8114,1.011,1.9315,1.3277,761028.1784,20132400.2127
132,000001.SZ,20180320,11.82,0.4588,0.84,8.7522,8.7522,1.0042,1.9185,1.3367,761028.1784,19997056.3457
133,000001.SZ,20180319,11.83,0.4779,0.79,8.7596,8.7596,1.0051,1.9202,1.3356,761028.1784,20013974.3291
134,000001.SZ,20180316,11.64,0.5692,0.95,8.6189,8.6189,0.9889,1.8893,1.3574,761028.1784,19692532.645
135,000001.SZ,20180315,11.71,0.6831,1.25,8.6707,8.6707,0.9949,1.9007,1.3493,761028.1784,19810958.5286
136,000001.SZ,20180314,11.92,0.3757,0.59,9.0567,8.886,1.0329,1.9001,1.3255,761028.1784,20166243.664
137,000001.SZ,20180313,12.02,0.6397,0.99,9.1326,8.9605,1.0415,1.9161,1.3145,761028.1784,20335423.5605
138,000001.SZ,20180312,12.03,0.7499,1.28,9.1402,8.968,1.0424,1.9177,1.3134,761028.1784,20352341.5502
139,000001.SZ,20180309,12.09,0.5579,1.01,9.1858,9.0127,1.0476,1.9272,1.3069,761028.1784,20453849.4881
140,000001.SZ,20180308,12.11,0.4077,0.71,9.201,9.0276,1.0493,1.9304,1.3047,761028.1784,20487685.4674
141,000001.SZ,20180307,12.05,0.8438,1.53,9.1554,8.9829,1.0441,1.9208,1.3112,761028.1784,20386177.5295
142,000001.SZ,20180306,12.1,0.6798,1.2,9.1934,9.0202,1.0485,1.9288,1.3058,761028.1784,20470767.4777
143,000001.SZ,20180305,11.86,0.4458,0.74,9.0111,8.8413,1.0277,1.8906,1.3322,761028.1784,20064735.7261
144,000001.SZ,20180302,11.95,0.392,0.61,9.0794,8.9084,1.0355,1.9049,1.3222,761028.1784,20216997.6329
145,000001.SZ,20180301,12.04,0.5243,0.76,9.1478,8.9755,1.0433,1.9192,1.3123,761028.1784,20369259.5398
146,000001.SZ,20180228,12.05,0.7177,1.11,9.1554,8.9829,1.0441,1.9208,1.3112,761028.1784,20386177.5295
147,000001.SZ,20180227,12.28,0.7601,1.17,9.3302,9.1544,1.0641,1.9575,1.2866,761028.1784,20775291.2914
148,000001.SZ,20180226,12.63,0.6181,0.92,9.5961,9.4153,1.0944,2.0133,1.251,761028.1784,21367420.9292
149,000001.SZ,20180223,12.61,0.5992,0.68,9.5809,9.4004,1.0927,2.0101,1.253,761028.1784,21333584.9499
150,000001.SZ,20180222,12.46,0.7497,0.76,9.4669,9.2886,1.0797,1.9862,1.2681,761028.1784,21079815.1051
151,000001.SZ,20180214,12.0,0.5108,0.4,9.1174,8.9456,1.0398,1.9129,1.3167,761028.1784,20301587.5812
152,000001.SZ,20180213,11.94,0.7673,0.54,9.0718,8.9009,1.0346,1.9033,1.3233,761028.1784,20200079.6433
153,000001.SZ,20180212,11.72,0.7263,0.46,8.9047,8.7369,1.0155,1.8682,1.3481,761028.1784,19827883.871
154,000001.SZ,20180209,11.69,1.6698,1.22,8.8819,8.7145,1.0129,1.8635,1.3516,761028.1784,19777129.902
155,000001.SZ,20180208,12.54,1.2636,0.93,9.5277,9.3482,1.0866,1.999,1.26,761028.1784,21215159.0224
156,000001.SZ,20180207,12.92,1.9776,1.7,9.8164,9.6315,1.1195,2.0595,1.2229,761028.1784,21858042.6291
157,000001.SZ,20180206,14.0,1.5267,1.55,10.637,10.4366,1.2131,2.2317,1.1286,761028.1784,23685185.5114
158,000001.SZ,20180205,14.55,1.3784,1.44,11.0549,10.8466,1.2608,2.3194,1.0859,761028.1784,24615674.9422
159,000001.SZ,20180202,14.05,0.6954,0.66,10.675,10.4739,1.2174,2.2397,1.1246,761028.1784,23769775.4597
160,000001.SZ,20180201,14.03,1.1855,1.07,10.6598,10.4589,1.2157,2.2365,1.1262,761028.1784,23735939.4804
161,000001.SZ,20180131,14.05,1.0331,0.86,10.675,10.4739,1.2174,2.2397,1.1246,761028.1784,23769775.4597
162,000001.SZ,20180130,13.65,0.6471,0.48,10.3711,10.1757,1.1828,2.1759,1.1575,761028.1784,23093055.8736
163,000001.SZ,20180129,13.74,1.2357,0.91,10.4395,10.2428,1.1906,2.1902,1.1499,761028.1784,23245317.7805
164,000001.SZ,20180126,14.05,1.2017,0.85,10.675,10.4739,1.2174,2.2397,1.1246,761028.1784,23769775.4597
165,000001.SZ,20180125,14.2,1.4009,1.01,10.789,10.5857,1.2304,2.2636,1.1127,761028.1784,24023545.3044
166,000001.SZ,20180124,14.64,1.5317,1.09,11.1233,10.9137,1.2686,2.3337,1.0792,761028.1784,24767936.8491
167,000001.SZ,20180123,14.65,1.412,1.0,11.1309,10.9211,1.2694,2.3353,1.0785,761028.1784,24784854.8387
168,000001.SZ,20180122,14.44,1.2258,0.8,10.9713,10.7646,1.2512,2.3018,1.0942,761028.1784,24429577.056
169,000001.SZ,20180119,14.8,1.5198,1.1,11.2448,11.033,1.2824,2.3592,1.0676,761028.1784,25038624.6835
170,000001.SZ,20180118,14.72,1.2697,0.97,11.1841,10.9733,1.2755,2.3465,1.0734,761028.1784,24903280.7663
171,000001.SZ,20180117,14.23,1.5701,1.23,10.8118,10.608,1.233,2.2683,1.1103,761028.1784,24074299.2734
172,000001.SZ,20180116,14.2,1.4449,1.26,10.789,10.5857,1.2304,2.2636,1.1127,761028.1784,24023545.3044
173,000001.SZ,20180115,14.2,1.8456,1.79,10.789,10.5857,1.2304,2.2636,1.1127,761028.1784,24023545.3044
174,000001.SZ,20180112,13.55,0.8003,0.79,10.2951,10.1011,1.1741,2.16,1.1661,761028.1784,22923875.9771
175,000001.SZ,20180111,13.4,0.8535,0.8,10.1811,9.9893,1.1611,2.136,1.1791,761028.1784,22670106.1323
176,000001.SZ,20180110,13.47,1.4205,1.26,10.2343,10.0415,1.1672,2.1472,1.173,761028.1784,22788532.0599
177,000001.SZ,20180109,13.08,0.7946,0.65,9.938,9.7507,1.1334,2.085,1.208,761028.1784,22128730.4635
178,000001.SZ,20180108,12.96,1.2759,1.19,9.8468,9.6613,1.123,2.0659,1.2191,761028.1784,21925714.5877
179,000001.SZ,20180105,13.3,0.7154,0.64,10.1052,9.9148,1.1524,2.1201,1.188,761028.1784,22500926.2358
180,000001.SZ,20180104,13.25,1.0962,1.04,10.0672,9.8775,1.1481,2.1121,1.1925,761028.1784,22416336.2876
181,000001.SZ,20180103,13.33,1.7511,2.08,10.128,9.9371,1.155,2.1249,1.1853,761028.1784,22551680.2048
182,000001.SZ,20180102,13.7,1.2304,1.57,10.4091,10.2129,1.1871,2.1839,1.1533,761028.1784,23177645.8219
183,000001.SZ,20171229,13.3,0.581,0.77,10.1052,9.9148,1.1524,2.1201,0.9586,761028.1784,22500926.2358
184,000001.SZ,20171228,13.21,0.918,1.23,10.0368,9.8477,1.1446,2.1058,0.9652,761028.1784,22348664.329
185,000001.SZ,20171227,13.29,0.8078,1.13,10.0976,9.9073,1.1516,2.1185,0.9594,761028.1784,22484008.2462
186,000001.SZ,20171226,13.66,0.6642,0.77,10.3787,10.1831,1.1836,2.1775,0.9334,761028.1784,23109973.8633
187,000001.SZ,20171225,13.25,0.9372,1.21,10.0672,9.8775,1.1481,2.1121,0.9623,761028.1784,22416336.2876
188,000001.SZ,20171222,13.52,0.4391,0.54,10.2723,10.0788,1.1715,2.1552,0.943,761028.1784,22873122.0082
189,000001.SZ,20171221,13.54,0.8779,1.16,10.2875,10.0937,1.1732,2.1584,0.9417,761028.1784,22906957.9875
190,000001.SZ,20171220,13.26,0.6539,0.84,10.0748,9.8849,1.149,2.1137,0.9615,761028.1784,22433254.2772
191,000001.SZ,20171219,13.28,1.4174,2.02,10.09,9.8998,1.1507,2.1169,0.9601,761028.1784,22467090.2565
192,000001.SZ,20171218,12.75,0.4761,0.54,9.6873,9.5047,1.1048,2.0324,1.0,761028.1784,21570436.805
193,000001.SZ,20171215,12.72,0.6502,0.72,9.6645,9.4824,1.1022,2.0276,1.0024,761028.1784,21519682.8361
194,000001.SZ,20171214,13.0,0.5923,0.64,9.8772,9.6911,1.1265,2.0723,0.9808,761028.1784,21993386.5463
195,000001.SZ,20171213,13.13,0.7621,0.79,9.976,9.788,1.1377,2.093,0.9711,761028.1784,22213320.4118
196,000001.SZ,20171212,13.02,1.0305,1.07,9.8924,9.706,1.1282,2.0755,0.9793,761028.1784,22027222.5256
197,000001.SZ,20171211,13.5,1.337,1.54,10.2571,10.0638,1.1698,2.152,0.9444,761028.1784,22839286.0289
198,000001.SZ,20171208,13.09,0.7987,0.87,9.9456,9.7582,1.1342,2.0866,0.974,761028.1784,22145648.4532
199,000001.SZ,20171207,12.83,0.6986,0.74,9.7481,9.5644,1.1117,2.0452,0.9938,761028.1784,21705780.7222
200,000001.SZ,20171206,13.08,0.9575,1.02,9.938,9.7507,1.1334,2.085,0.9748,761028.1784,22128730.4635
201,000001.SZ,20171205,13.3,1.0188,1.08,10.1052,9.9148,1.1524,2.1201,0.9586,761028.1784,22500926.2358
202,000001.SZ,20171204,13.3,0.8595,0.85,10.1052,9.9148,1.1524,2.1201,0.9586,761028.1784,22500926.2358
203,000001.SZ,20171201,13.0,1.0551,0.95,9.8772,9.6911,1.1265,2.0723,0.9808,761028.1784,21993386.5463
204,000001.SZ,20171130,13.38,0.8155,0.66,10.1659,9.9744,1.1594,2.1329,0.9529,761028.1784,22636270.153
205,000001.SZ,20171129,13.82,0.9245,0.68,10.5002,10.3024,1.1975,2.203,0.9226,761028.1784,23380661.6977
206,000001.SZ,20171128,13.7,1.0441,0.72,10.4091,10.2129,1.1871,2.1839,0.9307,761028.1784,23177645.8219
207,000001.SZ,20171127,13.93,1.2201,0.8,10.5838,10.3844,1.207,2.2205,0.9153,761028.1784,23566759.5838
208,000001.SZ,20171124,14.56,1.5547,1.06,11.0625,10.854,1.2616,2.321,0.8757,761028.1784,24632592.9319
209,000001.SZ,20171123,14.35,1.4358,1.09,10.9029,10.6975,1.2434,2.2875,0.8885,761028.1784,24277315.1492
210,000001.SZ,20171122,15.1,1.5192,1.3,11.4728,11.2566,1.3084,2.407,0.8444,761028.1784,25546164.373
211,000001.SZ,20171121,14.45,1.475,1.36,10.9789,10.772,1.2521,2.3034,0.8824,761028.1784,24446495.0457
212,000001.SZ,20171120,14.25,1.681,1.6,10.827,10.6229,1.2348,2.2715,0.8947,761028.1784,24108135.2527
213,000001.SZ,20171117,13.18,1.2201,1.2,10.014,9.8253,1.142,2.101,0.9674,761028.1784,22297910.36
214,000001.SZ,20171116,13.1,0.7098,0.62,9.9532,9.7657,1.1351,2.0882,0.9733,761028.1784,22162566.4428
215,000001.SZ,20171115,12.9,0.7466,0.5,9.8012,9.6166,1.1178,2.0563,0.9884,761028.1784,21824206.6498
216,000001.SZ,20171114,12.95,1.0523,0.67,9.8392,9.6538,1.1221,2.0643,0.9846,761028.1784,21908796.598
217,000001.SZ,20171113,12.9,1.5173,1.09,9.8012,9.6166,1.1178,2.0563,0.9884,761028.1784,21824206.6498
218,000001.SZ,20171110,12.3,1.0389,0.81,9.3454,9.1693,1.0658,1.9607,1.0366,761028.1784,20809127.2707
219,000001.SZ,20171109,12.33,1.3567,1.26,9.3682,9.1916,1.0684,1.9655,1.0341,761028.1784,20859881.2397
220,000001.SZ,20171108,12.13,2.5197,3.84,9.2162,9.0426,1.0511,1.9336,1.0511,761028.1784,20521521.4467
221,000001.SZ,20171107,11.92,1.4642,3.35,9.0567,8.886,1.0329,1.9001,1.0696,761028.1784,20166243.664
222,000001.SZ,20171106,11.28,0.6088,1.3,8.5704,8.4089,0.9774,1.7981,1.1303,761028.1784,19083492.3263
223,000001.SZ,20171103,11.39,0.4394,0.81,8.654,8.4909,0.9869,1.8156,1.1194,761028.1784,19269590.2125
224,000001.SZ,20171102,11.54,0.3572,0.62,8.7679,8.6027,0.9999,1.8395,1.1049,761028.1784,19523360.0573
225,000001.SZ,20171101,11.4,0.4094,0.75,8.6616,8.4984,0.9878,1.8172,1.1184,761028.1784,19286508.2021
226,000001.SZ,20171031,11.54,0.3709,0.68,8.7679,8.6027,0.9999,1.8395,1.1049,761028.1784,19523360.0573
227,000001.SZ,20171030,11.56,0.7556,1.45,8.7831,8.6176,1.0017,1.8427,1.1029,761028.1784,19557196.0366
228,000001.SZ,20171027,11.56,0.8039,1.94,8.7831,8.6176,1.0017,1.8427,1.1029,761028.1784,19557196.0366
229,000001.SZ,20171026,11.18,0.5491,1.41,8.4944,8.3344,0.9687,1.7822,1.1404,761028.1784,18914312.4298
230,000001.SZ,20171025,11.27,0.2474,0.56,8.5628,8.4014,0.9765,1.7965,1.1313,761028.1784,19066574.3367
231,000001.SZ,20171024,11.39,0.3658,0.85,8.654,8.4909,0.9869,1.8156,1.1194,761028.1784,19269590.2125
232,000001.SZ,20171023,11.19,0.6351,1.49,8.502,8.3418,0.9696,1.7838,1.1394,761028.1784,18931230.4195
233,000001.SZ,20171020,11.48,0.273,0.6,8.7223,8.6224,1.0293,1.83,1.1106,761028.1784,19421852.1193
234,000001.SZ,20171019,11.63,0.4272,0.97,8.8363,8.735,1.0428,1.8539,1.0963,761028.1784,19675621.9641
235,000001.SZ,20171018,11.69,0.5151,1.24,8.8819,8.7801,1.0482,1.8635,1.0907,761028.1784,19777129.902
236,000001.SZ,20171017,11.51,0.2993,0.67,8.7451,8.6449,1.032,1.8348,1.1077,761028.1784,19472606.0883
237,000001.SZ,20171016,11.59,0.6125,1.28,8.8059,8.705,1.0392,1.8475,1.1001,761028.1784,19607950.0055
238,000001.SZ,20171013,11.36,0.4359,0.92,8.6312,8.5323,1.0186,1.8109,1.1224,761028.1784,19218836.2435
239,000001.SZ,20171012,11.55,0.3417,0.74,8.7755,8.675,1.0356,1.8411,1.1039,761028.1784,19540278.0469
240,000001.SZ,20171011,11.53,0.389,0.82,8.7603,8.6599,1.0338,1.838,1.1058,761028.1784,19506442.0676
241,000001.SZ,20171010,11.47,0.4421,0.89,8.7147,8.6149,1.0284,1.8284,1.1116,761028.1784,19404934.1297
242,000001.SZ,20171009,11.3,0.7833,1.93,8.5856,8.4872,1.0132,1.8013,1.1283,761028.1784,19117328.3056
243,000001.SZ,20170929,11.11,0.4033,1.02,8.4412,8.3445,0.9961,1.771,1.1476,761028.1784,18795886.5023
244,000001.SZ,20170928,10.88,0.3057,0.74,8.2665,8.1717,0.9755,1.7343,1.1719,761028.1784,18406772.7403
245,000001.SZ,20170927,10.93,0.4298,1.02,8.3045,8.2093,0.98,1.7423,1.1665,761028.1784,18491362.6885
246,000001.SZ,20170926,11.05,0.5719,1.44,8.3956,8.2994,0.9908,1.7614,1.1538,761028.1784,18694378.5644
247,000001.SZ,20170925,11.29,0.3147,0.77,8.578,8.4797,1.0123,1.7997,1.1293,761028.1784,19100410.316
248,000001.SZ,20170922,11.44,0.3511,0.85,8.692,8.5923,1.0257,1.8236,1.1145,761028.1784,19354180.1607
249,000001.SZ,20170921,11.46,0.4093,0.94,8.7072,8.6074,1.0275,1.8268,1.1126,761028.1784,19388016.14
250,000001.SZ,20170920,11.29,0.4653,1.1,8.578,8.4797,1.0123,1.7997,1.1293,761028.1784,19100410.316
251,000001.SZ,20170919,11.13,0.4517,1.05,8.4564,8.3595,0.9979,1.7742,1.1456,761028.1784,18829722.4816
252,000001.SZ,20170918,11.25,0.3592,0.81,8.5476,8.4496,1.0087,1.7933,1.1333,761028.1784,19032738.3574
253,000001.SZ,20170915,11.29,0.3819,0.9,8.578,8.4797,1.0123,1.7997,1.1293,761028.1784,19100410.316
254,000001.SZ,20170914,11.32,0.522,1.33,8.6008,8.5022,1.015,1.8045,1.1263,761028.1784,19151164.2849
255,000001.SZ,20170913,11.43,0.395,0.97,8.6844,8.5848,1.0248,1.822,1.1155,761028.1784,19337262.1711
256,000001.SZ,20170912,11.54,0.5002,1.09,8.7679,8.6674,1.0347,1.8395,1.1049,761028.1784,19523360.0573
257,000001.SZ,20170911,11.38,0.4134,0.77,8.6464,8.5473,1.0204,1.814,1.1204,761028.1784,19252672.2228
258,000001.SZ,20170908,11.49,0.2845,0.48,8.7299,8.6299,1.0302,1.8316,1.1097,761028.1784,19438770.109
259,000001.SZ,20170907,11.44,0.363,0.55,8.692,8.5923,1.0257,1.8236,1.1145,761028.1784,19354180.1607
260,000001.SZ,20170906,11.7,0.4679,0.68,8.8895,8.7876,1.049,1.865,1.0897,761028.1784,19794047.8917
261,000001.SZ,20170905,11.64,0.761,1.09,8.8439,8.7426,1.0437,1.8555,1.0954,761028.1784,19692539.9538
262,000001.SZ,20170904,11.72,0.7993,1.1,8.9047,8.8026,1.0508,1.8682,1.0879,761028.1784,19827883.871
263,000001.SZ,20170901,11.21,0.5674,0.78,8.5172,8.4196,1.0051,1.7869,1.1374,761028.1784,18965066.3988
264,000001.SZ,20170831,11.28,0.6808,0.97,8.5704,8.4722,1.0114,1.7981,1.1303,761028.1784,19083492.3263
265,000001.SZ,20170830,11.43,0.6482,0.89,8.6844,8.5848,1.0248,1.822,1.1155,761028.1784,19337262.1711
266,000001.SZ,20170829,11.67,0.8027,1.19,8.8667,8.7651,1.0464,1.8603,1.0925,761028.1784,19743293.9227
267,000001.SZ,20170828,11.35,0.9481,1.79,8.6236,8.5247,1.0177,1.8093,1.1233,761028.1784,19201918.2539
268,000001.SZ,20170825,11.11,0.5698,1.17,8.4412,8.3445,0.9961,1.771,1.1476,761028.1784,18795886.5023
269,000001.SZ,20170824,10.93,0.5463,1.23,8.3045,8.2093,0.98,1.7423,1.1665,761028.1784,18491362.6885
270,000001.SZ,20170823,10.9,0.7797,2.06,8.2817,8.1868,0.9773,1.7375,1.1697,761028.1784,18440608.7196
271,000001.SZ,20170822,10.65,0.5176,1.29,8.0917,7.999,0.9549,1.6977,1.1972,761028.1784,18017658.9783
272,000001.SZ,20170821,10.46,0.2359,0.48,7.9474,7.8563,0.9379,1.6674,1.2189,761028.1784,17696217.1749
273,000001.SZ,20170818,10.44,0.3644,0.52,7.9322,7.8413,0.9361,1.6642,1.2213,761028.1784,17662381.1956
274,000001.SZ,20170817,10.42,0.3273,0.43,7.917,7.8262,0.9343,1.661,1.2236,761028.1784,17628545.2163
275,000001.SZ,20170816,10.34,0.4473,0.57,7.8562,7.7662,0.9271,1.6483,1.2331,761028.1784,17493201.2991
276,000001.SZ,20170815,10.31,0.6355,0.85,7.8334,7.7436,0.9244,1.6435,1.2367,761028.1784,17442447.3302
277,000001.SZ,20170814,10.22,0.6843,0.97,7.765,7.676,0.9163,1.6291,1.2476,761028.1784,17290185.4233
278,000001.SZ,20170811,10.02,1.4426,2.49,7.6131,7.5258,0.9296,1.5972,1.2725,761028.1784,16951825.6303
279,000001.SZ,20170810,10.62,0.5674,0.97,8.0689,8.0235,0.9853,1.6929,1.2006,761028.1784,17966905.0094
280,000001.SZ,20170809,10.73,0.6161,0.88,8.1525,8.1066,0.9955,1.7104,1.1883,761028.1784,18153002.8955
281,000001.SZ,20170808,11.05,0.4076,0.47,8.3956,8.3484,1.0252,1.7614,1.1538,761028.1784,18694378.5644
282,000001.SZ,20170807,11.0,0.5087,0.54,8.3576,8.3106,1.0205,1.7535,1.1591,761028.1784,18609788.6161
283,000001.SZ,20170804,11.17,0.8003,0.91,8.4868,8.439,1.0363,1.7806,1.1415,761028.1784,18897394.4402
284,000001.SZ,20170803,11.01,0.5818,0.64,8.3652,8.3181,1.0215,1.7551,1.158,761028.1784,18626706.6058
285,000001.SZ,20170802,11.15,1.2189,1.41,8.4716,8.4239,1.0345,1.7774,1.1435,761028.1784,18863558.4609
286,000001.SZ,20170801,11.04,1.2033,1.41,8.388,8.3408,1.0243,1.7598,1.1549,761028.1784,18677460.5747
287,000001.SZ,20170731,10.67,0.9315,1.07,8.1069,8.0613,0.9899,1.7009,1.1949,761028.1784,18051494.9576
288,000001.SZ,20170728,10.74,0.4842,0.51,8.1601,8.1141,0.9964,1.712,1.1872,761028.1784,18169920.8852
289,000001.SZ,20170727,10.59,0.706,0.71,8.0461,8.0008,0.9825,1.6881,1.204,761028.1784,17916151.0404
290,000001.SZ,20170726,10.74,1.0033,0.98,8.1601,8.1141,0.9964,1.712,1.1872,761028.1784,18169920.8852
291,000001.SZ,20170725,11.0,1.1554,1.08,8.3576,8.3106,1.0205,1.7535,1.1591,761028.1784,18609788.6161
292,000001.SZ,20170724,10.95,1.0005,0.8,8.3197,8.2728,1.0159,1.7455,1.1644,761028.1784,18525198.6678
293,000001.SZ,20170721,10.89,0.8872,0.69,8.2741,8.2275,1.0103,1.7359,1.1708,761028.1784,18423690.7299
294,000001.SZ,20170720,10.97,0.9087,0.63,8.3349,8.2879,1.0031,1.7487,1.1623,761028.1784,18559034.6471
295,000001.SZ,20170719,11.09,1.1426,0.72,8.426,8.3786,1.014,1.7678,1.1497,761028.1784,18762050.523
296,000001.SZ,20170718,11.05,1.3887,0.79,8.3956,8.3484,1.0104,1.7614,1.1538,761028.1784,18694378.5644
297,000001.SZ,20170717,10.81,1.9347,1.27,8.2133,8.167,0.9884,1.7232,1.1795,761028.1784,18288346.8127
298,000001.SZ,20170714,10.9,1.0182,0.72,8.2817,8.235,0.9967,1.7375,1.1697,761028.1784,18440608.7196
299,000001.SZ,20170713,10.9,1.77,1.55,8.2817,8.235,0.9967,1.7375,1.1697,761028.1784,18440608.7196
300,000001.SZ,20170712,10.34,1.7726,2.07,7.8562,7.8119,0.9454,1.6483,1.2331,761028.1784,17493201.2991
301,000001.SZ,20170711,10.25,2.2533,4.87,7.7878,7.7439,0.9372,1.6339,1.2439,761028.1784,17340939.3923
302,000001.SZ,20170710,9.59,0.8044,2.31,7.2864,7.2453,0.8769,1.5287,1.3295,761028.1784,16224352.0753
303,000001.SZ,20170707,9.47,0.4494,1.42,7.1952,7.1547,0.8659,1.5096,1.3464,761028.1784,16021336.1995
304,000001.SZ,20170706,9.4,0.4368,1.52,7.142,7.1018,0.8595,1.4984,1.3564,761028.1784,15902910.2719
305,000001.SZ,20170705,9.37,0.3356,0.94,7.1192,7.0791,0.8568,1.4936,1.3607,761028.1784,15852156.303
306,000001.SZ,20170704,9.34,0.2887,0.79,7.0964,7.0564,0.854,1.4889,1.3651,761028.1784,15801402.334
307,000001.SZ,20170703,9.4,0.2295,0.57,7.142,7.1018,0.8595,1.4984,1.3564,761028.1784,15902910.2719
308,000001.SZ,20170630,9.39,0.2953,0.71,7.1344,7.0942,0.8586,1.4968,1.3578,761028.1784,15885992.2823
309,000001.SZ,20170629,9.43,0.2889,0.55,7.1648,7.1244,0.8622,1.5032,1.3521,761028.1784,15953664.2409
310,000001.SZ,20170628,9.43,0.6909,1.55,7.1648,7.1244,0.8622,1.5032,1.3521,761028.1784,15953664.2409
311,000001.SZ,20170627,9.36,0.3227,0.77,7.1116,7.0715,0.8558,1.492,1.3622,761028.1784,15835238.3133
312,000001.SZ,20170626,9.3,0.4201,1.07,7.066,7.0262,0.8504,1.4825,1.371,761028.1784,15733730.3754
313,000001.SZ,20170623,9.25,0.3452,0.97,7.028,6.9884,0.8458,1.4745,1.3784,761028.1784,15649140.4272
314,000001.SZ,20170622,9.25,0.8435,3.71,7.028,6.9884,0.8458,1.4745,1.3784,761028.1784,15649140.4272
315,000001.SZ,20170621,9.15,0.2937,1.38,6.952,6.9129,0.8366,1.4586,1.3934,761028.1784,15479960.5307
316,000001.SZ,20170620,9.12,0.1854,0.81,6.9293,6.8902,0.8339,1.4538,1.398,761028.1784,15429206.5617
317,000001.SZ,20170619,9.13,0.2895,1.25,6.9368,6.8978,0.8348,1.4554,1.3965,761028.1784,15446124.5514
318,000001.SZ,20170616,9.02,0.169,0.61,6.8533,6.8147,0.8248,1.4378,1.4135,761028.1784,15260026.6652
319,000001.SZ,20170615,9.04,0.1997,0.7,6.8685,6.8298,0.8266,1.441,1.4104,761028.1784,15293862.6445
320,000001.SZ,20170614,9.08,0.2219,0.7,6.8989,6.86,0.8302,1.4474,1.4042,761028.1784,15361534.6031
321,000001.SZ,20170613,9.12,0.2651,0.87,6.9293,6.8902,0.8339,1.4538,1.398,761028.1784,15429206.5617
322,000001.SZ,20170612,9.11,0.2982,0.93,6.9217,6.8827,0.833,1.4522,1.3996,761028.1784,15412288.5721
323,000001.SZ,20170609,9.15,0.4052,1.23,6.952,6.9129,0.8366,1.4586,1.3934,761028.1784,15479960.5307
324,000001.SZ,20170608,9.13,0.2264,0.64,6.9368,6.8978,0.8348,1.4554,1.3965,761028.1784,15446124.5514
325,000001.SZ,20170607,9.13,0.3817,0.96,6.9368,6.8978,0.8348,1.4554,1.3965,761028.1784,15446124.5514
326,000001.SZ,20170606,9.04,0.21,0.46,6.8685,6.8298,0.8266,1.441,1.4104,761028.1784,15293862.6445
327,000001.SZ,20170605,9.03,0.3748,0.65,6.8609,6.8222,0.8257,1.4394,1.412,761028.1784,15276944.6549
328,000001.SZ,20170602,9.17,0.4556,0.83,6.9672,6.928,0.8385,1.4618,1.3904,761028.1784,15513796.51
329,000001.SZ,20170601,9.19,0.3347,0.58,6.9824,6.9431,0.8403,1.4649,1.3874,761028.1784,15547632.4893
330,000001.SZ,20170531,9.2,0.6107,1.14,6.99,6.9507,0.8412,1.4665,1.3859,761028.1784,15564550.4789
331,000001.SZ,20170526,9.1,0.5292,1.14,6.9141,6.8751,0.8321,1.4506,1.4011,761028.1784,15395370.5824
332,000001.SZ,20170525,9.1,0.9585,3.2,6.9141,6.8751,0.8321,1.4506,1.4011,761028.1784,15395370.5824
333,000001.SZ,20170524,8.81,0.3147,1.1,6.6937,6.656,0.8056,1.4044,1.4472,761028.1784,14904748.8825
334,000001.SZ,20170523,8.79,0.4729,1.87,6.6785,6.6409,0.8037,1.4012,1.4505,761028.1784,14870912.9032
335,000001.SZ,20170522,8.68,0.4014,1.7,6.5949,6.5578,0.7937,1.3836,1.4689,761028.1784,14684815.0171
336,000001.SZ,20170519,8.69,0.1739,0.56,6.6025,6.5654,0.7946,1.3852,1.4672,761028.1784,14701733.0067
337,000001.SZ,20170518,8.73,0.1344,0.39,6.6329,6.5956,0.7982,1.3916,1.4605,761028.1784,14769404.9653
338,000001.SZ,20170517,8.77,0.2467,0.68,6.6633,6.6258,0.8019,1.398,1.4538,761028.1784,14837076.9239
339,000001.SZ,20170516,8.84,0.3102,0.92,6.7165,6.6787,0.8083,1.4091,1.4423,761028.1784,14955502.8515
340,000001.SZ,20170515,8.86,0.3172,0.97,6.7317,6.6938,0.8101,1.4123,1.4391,761028.1784,14989338.8308
341,000001.SZ,20170512,8.9,0.5426,1.85,6.7621,6.724,0.8138,1.4187,1.4326,761028.1784,15057010.7894
342,000001.SZ,20170511,8.7,0.2977,0.94,6.6101,6.5729,0.7955,1.3868,1.4655,761028.1784,14718650.9964
343,000001.SZ,20170510,8.67,0.3387,1.2,6.5873,6.5502,0.7928,1.382,1.4706,761028.1784,14667897.0274
344,000001.SZ,20170509,8.64,0.1916,0.68,6.5646,6.5276,0.79,1.3773,1.4757,761028.1784,14617143.0585
345,000001.SZ,20170508,8.57,0.272,1.05,6.5114,6.4747,0.7836,1.3661,1.4877,761028.1784,14498717.1309
346,000001.SZ,20170505,8.63,0.3687,1.59,6.557,6.52,0.7891,1.3757,1.4774,761028.1784,14600225.0688
347,000001.SZ,20170504,8.74,0.4117,2.11,6.6405,6.6031,0.7992,1.3932,1.4588,761028.1784,14786322.955
348,000001.SZ,20170503,8.91,0.1657,0.8,6.7697,6.7316,0.8147,1.4203,1.431,761028.1784,15073928.779
349,000001.SZ,20170502,8.94,0.1838,0.85,6.7925,6.7542,0.8174,1.4251,1.4262,761028.1784,15124682.748
350,000001.SZ,20170428,8.99,0.1693,0.77,6.8305,6.792,0.822,1.4331,1.4182,761028.1784,15209272.6962
351,000001.SZ,20170427,8.97,0.229,1.01,6.8153,6.7769,0.8202,1.4299,1.4214,761028.1784,15175436.7169
352,000001.SZ,20170426,8.99,0.2259,0.82,6.8305,6.792,0.822,1.4331,1.4182,761028.1784,15209272.6962
353,000001.SZ,20170425,9.0,0.2234,0.82,6.8381,6.7996,0.8229,1.4347,1.4167,761028.1784,15226190.6859
354,000001.SZ,20170424,8.93,0.2335,0.81,6.7849,6.7467,0.8165,1.4235,1.4278,761028.1784,15107764.7583
355,000001.SZ,20170421,8.97,0.1923,0.63,6.8153,6.8153,0.8452,1.4299,1.4214,761028.1784,15175436.7169
356,000001.SZ,20170420,8.92,0.2587,0.87,6.7773,6.7773,0.8405,1.4219,1.4294,761028.1784,15090846.7687
357,000001.SZ,20170419,8.91,0.4727,1.84,6.7697,6.7697,0.8396,1.4203,1.431,761028.1784,15073928.779
358,000001.SZ,20170418,9.05,0.1982,0.69,6.8761,6.8761,0.8528,1.4426,1.4088,761028.1784,15310780.6342
359,000001.SZ,20170417,9.1,0.3144,1.15,6.9141,6.9141,0.8575,1.4506,1.4011,761028.1784,15395370.5824
360,000001.SZ,20170414,9.08,0.2899,1.05,6.8989,6.8989,0.8556,1.4474,1.4042,761028.1784,15361534.6031
361,000001.SZ,20170413,9.12,0.2113,0.74,6.9293,6.9293,0.8594,1.4538,1.398,761028.1784,15429206.5617
362,000001.SZ,20170412,9.12,0.2691,0.92,6.9293,6.9293,0.8594,1.4538,1.398,761028.1784,15429206.5617
363,000001.SZ,20170411,9.15,0.362,1.23,6.952,6.952,0.8622,1.4586,1.3934,761028.1784,15479960.5307
364,000001.SZ,20170410,9.18,0.2372,0.72,6.9748,6.9748,0.865,1.4633,1.3889,761028.1784,15530714.4996
365,000001.SZ,20170407,9.2,0.3043,0.9,6.99,6.99,0.8669,1.4665,1.3859,761028.1784,15564550.4789
366,000001.SZ,20170406,9.2,0.2568,0.75,6.99,6.99,0.8669,1.4665,1.3859,761028.1784,15564550.4789
367,000001.SZ,20170405,9.21,0.295,0.74,6.9976,6.9976,0.8679,1.4681,1.3844,761028.1784,15581468.4686
368,000001.SZ,20170331,9.17,0.3742,0.91,6.9672,6.9672,0.8641,1.4618,1.3904,761028.1784,15513796.51
369,000001.SZ,20170330,9.08,0.4062,1.07,6.8989,6.8989,0.8556,1.4474,1.4042,761028.1784,15361534.6031
370,000001.SZ,20170329,9.11,0.3553,0.95,6.9217,6.9217,0.8584,1.4522,1.3996,761028.1784,15412288.5721
371,000001.SZ,20170328,9.12,0.2845,0.74,6.9293,6.9293,0.8594,1.4538,1.398,761028.1784,15429206.5617
372,000001.SZ,20170327,9.14,0.5822,1.65,6.9444,6.9444,0.8613,1.457,1.395,761028.1784,15463042.541
373,000001.SZ,20170324,9.19,0.4202,0.92,6.9824,6.9824,0.866,1.4649,1.3874,761028.1784,15547632.4893
374,000001.SZ,20170323,9.2,0.2563,0.53,6.99,6.99,0.8669,1.4665,1.3859,761028.1784,15564550.4789
375,000001.SZ,20170322,9.16,0.3346,0.7,6.9596,6.9596,0.8631,1.4602,1.3919,761028.1784,15496878.5203
376,000001.SZ,20170321,9.24,0.3278,0.71,7.0204,7.0204,0.8707,1.4729,1.3799,761028.1784,15632222.4375
377,000001.SZ,20170320,9.25,0.4226,0.96,7.028,7.028,0.8716,1.4745,1.3784,761028.1784,15649140.4272
378,000001.SZ,20170317,9.31,0.9361,3.14,7.0736,7.0736,0.8773,1.4841,1.3695,761028.1784,15750648.3651
379,000001.SZ,20170316,9.52,0.3759,1.4,7.476,7.1556,0.9169,1.6998,1.3393,761028.1784,16105926.1478
380,000001.SZ,20170315,9.48,0.3231,1.39,7.4446,7.1255,0.9131,1.6927,1.3449,761028.1784,16038254.1891
381,000001.SZ,20170314,9.44,0.2391,1.09,7.4132,7.0955,0.9092,1.6856,1.3506,761028.1784,15970582.2305
382,000001.SZ,20170313,9.44,0.3223,1.59,7.4132,7.0955,0.9092,1.6856,1.3506,761028.1784,15970582.2305
383,000001.SZ,20170310,9.4,0.2306,1.17,7.3817,7.0654,0.9054,1.6784,1.3564,761028.1784,15902910.2719
384,000001.SZ,20170309,9.38,0.2235,1.12,7.366,7.0504,0.9034,1.6748,1.3593,761028.1784,15869074.2926
385,000001.SZ,20170308,9.42,0.1445,0.68,7.3975,7.0804,0.9073,1.682,1.3535,761028.1784,15936746.2512
386,000001.SZ,20170307,9.45,0.1742,0.79,7.421,7.103,0.9102,1.6873,1.3492,761028.1784,15987500.2202
387,000001.SZ,20170306,9.45,0.2391,1.08,7.421,7.103,0.9102,1.6873,1.3492,761028.1784,15987500.2202
388,000001.SZ,20170303,9.4,0.2025,0.92,7.3817,7.0654,0.9054,1.6784,1.3564,761028.1784,15902910.2719
389,000001.SZ,20170302,9.43,0.2386,1.13,7.4053,7.0879,0.9082,1.6838,1.3521,761028.1784,15953664.2409
390,000001.SZ,20170301,9.49,0.2051,0.91,7.4524,7.133,0.914,1.6945,1.3435,761028.1784,16055172.1788
391,000001.SZ,20170228,9.48,0.2185,0.85,7.4446,7.1255,0.9131,1.6927,1.3449,761028.1784,16038254.1891
392,000001.SZ,20170227,9.43,0.2408,0.76,7.4053,7.0879,0.9082,1.6838,1.3521,761028.1784,15953664.2409
393,000001.SZ,20170224,9.5,0.1965,0.6,7.4603,7.1406,0.915,1.6963,1.3421,761028.1784,16072090.1685
394,000001.SZ,20170223,9.51,0.1982,0.59,7.4681,7.1481,0.9159,1.6981,1.3407,761028.1784,16089008.1581
395,000001.SZ,20170222,9.57,0.2737,0.74,7.5152,7.1932,0.9217,1.7088,1.3323,761028.1784,16190516.096
396,000001.SZ,20170221,9.57,0.3822,1.13,7.5152,7.1932,0.9217,1.7088,1.3323,761028.1784,16190516.096
397,000001.SZ,20170220,9.56,0.5312,1.73,7.5074,7.1857,0.9208,1.707,1.3337,761028.1784,16173598.1064
398,000001.SZ,20170217,9.39,0.2505,0.8,7.3739,7.0579,0.9044,1.6766,1.3578,761028.1784,15885992.2823
399,000001.SZ,20170216,9.46,0.243,0.8,7.4289,7.1105,0.9111,1.6891,1.3478,761028.1784,16004418.2098
400,000001.SZ,20170215,9.45,0.4472,1.73,7.421,7.103,0.9102,1.6873,1.3492,761028.1784,15987500.2202
401,000001.SZ,20170214,9.4,0.2142,0.82,7.3817,7.0654,0.9054,1.6784,1.3564,761028.1784,15902910.2719
402,000001.SZ,20170213,9.41,0.3773,1.52,7.3896,7.0729,0.9063,1.6802,1.3549,761028.1784,15919828.2616
403,000001.SZ,20170210,9.33,0.2853,1.25,7.3268,7.0128,0.8986,1.6659,1.3666,761028.1784,15784484.3444
404,000001.SZ,20170209,9.31,0.2027,0.85,7.3111,6.9977,0.8967,1.6623,1.3695,761028.1784,15750648.3651
405,000001.SZ,20170208,9.3,0.213,0.92,7.3032,6.9902,0.8957,1.6606,1.371,761028.1784,15733730.3754
406,000001.SZ,20170207,9.3,0.2346,0.98,7.3032,6.9902,0.8957,1.6606,1.371,761028.1784,15733730.3754
407,000001.SZ,20170206,9.31,0.3055,1.34,7.3111,6.9977,0.8967,1.6623,1.3695,761028.1784,15750648.3651
408,000001.SZ,20170203,9.26,0.1865,0.79,7.2718,6.9602,0.8919,1.6534,1.3769,761028.1784,15666058.4168
409,000001.SZ,20170126,9.33,0.2487,1.04,7.3268,7.0128,0.8986,1.6659,1.3666,761028.1784,15784484.3444
410,000001.SZ,20170125,9.26,0.1799,0.66,7.2718,6.9602,0.8919,1.6534,1.3769,761028.1784,15666058.4168
411,000001.SZ,20170124,9.27,0.278,0.99,7.2797,6.9677,0.8928,1.6552,1.3754,761028.1784,15682976.4065
412,000001.SZ,20170123,9.22,0.2484,0.8,7.2404,6.9301,0.888,1.6463,1.3829,761028.1784,15598386.4582
413,000001.SZ,20170120,9.22,0.2325,0.74,7.2404,6.9301,0.888,1.6463,1.3829,761028.1784,15598386.4582
414,000001.SZ,20170119,9.18,0.2587,0.82,7.209,6.9,0.8842,1.6391,1.3889,761028.1784,15530714.4996
415,000001.SZ,20170118,9.17,0.3394,1.2,7.2011,6.8925,0.8832,1.6374,1.3904,761028.1784,15513796.51
416,000001.SZ,20170117,9.15,0.3225,1.31,7.1854,6.8775,0.8813,1.6338,1.3934,761028.1784,15479960.5307
417,000001.SZ,20170116,9.14,0.4038,1.93,7.1776,6.87,0.8803,1.632,1.395,761028.1784,15463042.541
418,000001.SZ,20170113,9.16,0.2567,1.28,7.1933,6.885,0.8822,1.6356,1.3919,761028.1784,15496878.5203
419,000001.SZ,20170112,9.15,0.253,1.33,7.1854,6.8775,0.8813,1.6338,1.3934,761028.1784,15479960.5307
420,000001.SZ,20170111,9.14,0.1794,0.86,7.1776,6.87,0.8803,1.632,1.395,761028.1784,15463042.541
421,000001.SZ,20170110,9.15,0.1425,0.61,7.1854,6.8775,0.8813,1.6338,1.3934,761028.1784,15479960.5307
422,000001.SZ,20170109,9.15,0.2134,0.94,7.1854,6.8775,0.8813,1.6338,1.3934,761028.1784,15479960.5307
423,000001.SZ,20170106,9.13,0.2448,0.95,7.1697,6.8625,0.8793,1.6302,1.3965,761028.1784,13358267.6933
424,000001.SZ,20170105,9.17,0.2354,0.91,7.2011,6.8925,0.8832,1.6374,1.3904,761028.1784,13416792.4149
425,000001.SZ,20170104,9.16,0.3071,1.32,7.1933,6.885,0.8822,1.6356,1.3919,761028.1784,13402161.2345
426,000001.SZ,20170103,9.16,0.3143,1.48,7.1933,6.885,0.8822,1.6356,1.3919,761028.1784,13402161.2345
427,000001.SZ,20161230,9.1,0.2068,0.93,7.1462,6.8399,0.8765,1.6249,1.2723,761028.1784,13314374.1522
428,000001.SZ,20161229,9.08,0.2315,1.04,7.1305,6.8249,0.8745,1.6213,1.2751,761028.1784,13285111.7914
429,000001.SZ,20161228,9.06,0.2297,1.01,7.1147,6.8098,0.8726,1.6177,1.2779,761028.1784,13255849.4306
430,000001.SZ,20161227,9.08,0.1837,0.66,7.1305,6.8249,0.8745,1.6213,1.2751,761028.1784,13285111.7914
431,000001.SZ,20161226,9.12,0.2064,0.68,7.1619,6.8549,0.8784,1.6284,1.2695,761028.1784,13343636.5129
432,000001.SZ,20161223,9.08,0.2617,0.86,7.1305,6.8249,0.8745,1.6213,1.2751,761028.1784,13285111.7914
433,000001.SZ,20161222,9.14,0.2333,0.63,7.1776,6.87,0.8803,1.632,1.2667,761028.1784,13372898.8737
434,000001.SZ,20161221,9.16,0.2528,0.63,7.1933,6.885,0.8822,1.6356,1.2639,761028.1784,13402161.2345
435,000001.SZ,20161220,9.11,0.4351,1.07,7.154,6.8474,0.8774,1.6266,1.2709,761028.1784,13329005.3326
436,000001.SZ,20161219,9.2,0.3376,0.66,7.2247,6.9151,0.8861,1.6427,1.2584,761028.1784,13460685.956
437,000001.SZ,20161216,9.25,0.2712,0.41,7.264,6.9526,0.8909,1.6516,1.2516,761028.1784,13533841.858
438,000001.SZ,20161215,9.25,0.5657,0.88,7.264,6.9526,0.8909,1.6516,1.2516,761028.1784,13533841.858
439,000001.SZ,20161214,9.4,0.4085,0.65,7.3817,7.0654,0.9054,1.6784,1.2317,761028.1784,13753309.5638
440,000001.SZ,20161213,9.42,0.4414,0.71,7.3975,7.0804,0.9073,1.682,1.2291,761028.1784,13782571.9246
441,000001.SZ,20161212,9.5,0.859,1.55,7.4603,7.1406,0.915,1.6963,1.2187,761028.1784,13899621.3677
442,000001.SZ,20161209,9.65,1.0349,2.25,7.5781,7.2533,0.9294,1.7231,1.1998,761028.1784,14119089.0735
443,000001.SZ,20161208,9.52,0.4589,1.01,7.476,7.1556,0.9169,1.6998,1.2161,761028.1784,13928883.7284
444,000001.SZ,20161207,9.48,0.3372,0.64,7.4446,7.1255,0.9131,1.6927,1.2213,761028.1784,13870359.0069
445,000001.SZ,20161206,9.49,0.4121,0.73,7.4524,7.133,0.914,1.6945,1.22,761028.1784,13884990.1873
446,000001.SZ,20161205,9.46,0.5224,0.82,7.4289,7.1105,0.9111,1.6891,1.2239,761028.1784,13841096.6461
447,000001.SZ,20161202,9.55,0.5671,0.85,7.4995,7.1781,0.9198,1.7052,1.2123,761028.1784,13972777.2696
448,000001.SZ,20161201,9.6,0.4415,0.65,7.5388,7.2157,0.9246,1.7141,1.206,761028.1784,14045933.1715
449,000001.SZ,20161130,9.55,0.7012,0.9,7.4995,7.1781,0.9198,1.7052,1.2123,761028.1784,13972777.2696
450,000001.SZ,20161129,9.62,0.6068,0.74,7.5545,7.2308,0.9265,1.7177,1.2035,761028.1784,14075195.5323
451,000001.SZ,20161128,9.63,0.8746,1.15,7.5624,7.2383,0.9275,1.7195,1.2022,761028.1784,14089826.7127
452,000001.SZ,20161125,9.62,0.6928,1.0,7.5545,7.2308,0.9265,1.7177,1.2035,761028.1784,14075195.5323
453,000001.SZ,20161124,9.47,0.5329,0.81,7.4367,7.118,0.9121,1.6909,1.2226,761028.1784,13855727.8265
454,000001.SZ,20161123,9.45,1.198,2.53,7.421,7.103,0.9102,1.6873,1.2251,761028.1784,13826465.4657
455,000001.SZ,20161122,9.36,0.8067,2.08,7.3503,7.0353,0.9015,1.6713,1.2369,761028.1784,13694784.8422
456,000001.SZ,20161121,9.24,0.5811,1.43,7.2561,6.9451,0.8899,1.6499,1.253,761028.1784,13519210.6776
457,000001.SZ,20161118,9.18,0.3538,0.79,7.209,6.9,0.8842,1.6391,1.2612,761028.1784,13431423.5953
458,000001.SZ,20161117,9.21,0.3454,0.75,7.2325,6.9226,0.8871,1.6445,1.2571,761028.1784,13475317.1364
459,000001.SZ,20161116,9.23,0.2842,0.56,7.2482,6.9376,0.889,1.6481,1.2544,761028.1784,13504579.4972
460,000001.SZ,20161115,9.23,0.3789,0.7,7.2482,6.9376,0.889,1.6481,1.2544,761028.1784,13504579.4972
461,000001.SZ,20161114,9.22,0.6664,1.4,7.2404,6.9301,0.888,1.6463,1.2557,761028.1784,13489948.3168
462,000001.SZ,20161111,9.18,0.5552,1.28,7.209,6.9,0.8842,1.6391,1.2612,761028.1784,13431423.5953
463,000001.SZ,20161110,9.14,0.432,1.0,7.1776,6.87,0.8803,1.632,1.2667,761028.1784,13372898.8737
464,000001.SZ,20161109,9.07,0.4939,1.18,7.1226,6.8174,0.8736,1.6195,1.2765,761028.1784,13270480.611
465,000001.SZ,20161108,9.15,0.5514,1.45,7.1854,6.8775,0.8813,1.6338,1.2653,761028.1784,13387530.0541
466,000001.SZ,20161107,9.12,0.3398,0.9,7.1619,6.8549,0.8784,1.6284,1.2695,761028.1784,13343636.5129
467,000001.SZ,20161104,9.11,0.3473,0.9,7.154,6.8474,0.8774,1.6266,1.2709,761028.1784,13329005.3326
468,000001.SZ,20161103,9.13,0.4216,1.22,7.1697,6.8625,0.8793,1.6302,1.2681,761028.1784,13358267.6933
469,000001.SZ,20161102,9.07,0.433,1.36,7.1226,6.8174,0.8736,1.6195,1.2765,761028.1784,13270480.611
470,000001.SZ,20161101,9.14,0.3591,1.14,7.1776,6.87,0.8803,1.632,1.2667,761028.1784,13372898.8737
471,000001.SZ,20161031,9.15,0.3374,0.91,7.1854,6.8775,0.8813,1.6338,1.2653,761028.1784,13387530.0541
472,000001.SZ,20161028,9.17,0.3704,0.95,7.2011,6.8925,0.8832,1.6374,1.2626,761028.1784,13416792.4149
473,000001.SZ,20161027,9.16,0.2215,0.56,7.1933,6.885,0.8822,1.6356,1.2639,761028.1784,13402161.2345
474,000001.SZ,20161026,9.15,0.301,0.75,7.1854,6.8775,0.8813,1.6338,1.2653,761028.1784,13387530.0541
475,000001.SZ,20161025,9.21,0.3423,0.83,7.2325,6.9226,0.8871,1.6445,1.2571,761028.1784,13475317.1364
476,000001.SZ,20161024,9.24,0.6258,1.86,7.2561,6.9451,0.8899,1.6499,1.253,761028.1784,13519210.6776
477,000001.SZ,20161021,9.13,0.4674,1.62,7.1697,6.8625,0.8793,1.6302,1.2681,761028.1784,13358267.6933
478,000001.SZ,20161020,9.07,0.2343,0.71,7.1226,6.8995,0.9068,1.6195,1.2765,761028.1784,13270480.611
479,000001.SZ,20161019,9.08,0.3299,1.1,7.1305,6.9071,0.9078,1.6213,1.2751,761028.1784,13285111.7914
480,000001.SZ,20161018,9.09,0.4058,1.51,7.1383,6.9147,0.9088,1.6231,1.2737,761028.1784,13299742.9718
481,000001.SZ,20161017,9.05,0.2455,0.81,7.1069,6.8843,0.9048,1.6159,1.2793,761028.1784,13241218.2502
482,000001.SZ,20161014,9.09,0.2292,0.77,7.1383,6.9147,0.9088,1.6231,1.2737,761028.1784,13299742.9718
483,000001.SZ,20161013,9.07,0.4322,1.7,7.1226,6.8995,0.9068,1.6195,1.2765,761028.1784,13270480.611
484,000001.SZ,20161012,9.13,0.1848,0.73,7.1697,6.9451,0.9128,1.6302,1.2681,761028.1784,13358267.6933
485,000001.SZ,20161011,9.15,0.2484,0.96,7.1854,6.9604,0.9148,1.6338,1.2653,761028.1784,13387530.0541
486,000001.SZ,20161010,9.12,0.4179,1.77,7.1619,6.9375,0.9118,1.6284,1.2695,761028.1784,13343636.5129
